manufacturer,GPU,releaseYear,memSize,memBusWidth,gpuClock,memClock,tmu,rop,igp,bus,memType,gpuChip,G3Dmark,G2Dmark,testDate,category
NVIDIA,GeForce MX550,2022,2.0,64.0,1065,1500.0,32,16,No,PCIe 4.0 x8,GDDR6,TU117,5090,424,2022,Unknown
NVIDIA,GeForce RTX 3090 Ti,2022,24.0,384.0,1560,1313.0,336,112,No,PCIe 4.0 x16,GDDR6X,GA102,29094,1117,2022,Unknown
AMD,Radeon RX 6400,2022,4.0,64.0,1923,2000.0,48,32,No,PCIe 4.0 x4,GDDR6,Navi 24,6958,899,2022,Unknown
AMD,Radeon RX 6500 XT,2022,4.0,64.0,2310,2248.0,64,32,No,PCIe 4.0 x4,GDDR6,Navi 24,9445,910,2022,Unknown
AMD,Radeon RX 6700S,2022,8.0,128.0,1700,1750.0,112,64,No,PCIe 4.0 x8,GDDR6,Navi 23,11989,829,2022,Unknown
NVIDIA,GeForce RTX 3060,2021,12.0,192.0,1320,1875.0,112,48,No,PCIe 4.0 x16,GDDR6,GA106,16958,951,2021,Desktop
NVIDIA,GeForce RTX 3070 Ti,2021,8.0,256.0,1575,1188.0,192,96,No,PCIe 4.0 x16,GDDR6X,GA104,23367,1003,2021,Desktop
NVIDIA,GeForce RTX 3080 Ti,2021,12.0,384.0,1365,1188.0,320,112,No,PCIe 4.0 x16,GDDR6X,GA102,26887,1031,2021,Desktop
AMD,Radeon RX 6600,2021,8.0,128.0,1626,1750.0,112,64,No,PCIe 4.0 x8,GDDR6,Navi 23,13881,945,2021,Unknown
AMD,Radeon RX 6600 XT,2021,8.0,128.0,1968,2000.0,128,64,No,PCIe 4.0 x8,GDDR6,Navi 23,15853,1003,2021,Desktop
AMD,Radeon RX 6600M,2021,8.0,128.0,2068,1750.0,112,64,No,PCIe 4.0 x8,GDDR6,Navi 23,9094,698,2021,Unknown
AMD,Radeon RX 6700 XT,2021,12.0,192.0,2321,2000.0,160,64,No,PCIe 4.0 x16,GDDR6,Navi 22,18993,1014,2021,Desktop
AMD,Radeon RX 6700M,2021,10.0,160.0,1489,2000.0,144,64,No,PCIe 4.0 x16,GDDR6,Navi 22,11499,550,2021,Unknown
AMD,Radeon RX 6800M,2021,12.0,192.0,2116,2000.0,160,64,No,PCIe 4.0 x16,GDDR6,Navi 22,9012,643,2021,Mobile
NVIDIA,RTX A2000,2021,6.0,192.0,562,1500.0,104,48,No,PCIe 4.0 x16,GDDR6,GA106,13128,928,2021,Unknown
NVIDIA,RTX A4000,2021,16.0,256.0,735,1750.0,192,96,No,PCIe 4.0 x16,GDDR6,GA104,18988,938,2021,Workstation
NVIDIA,RTX A4500,2021,20.0,320.0,1050,2000.0,224,96,No,PCIe 4.0 x16,GDDR6,GA102,21546,892,2022,Unknown
NVIDIA,RTX A5000,2021,24.0,384.0,1170,2000.0,256,96,No,PCIe 4.0 x16,GDDR6,GA102,22867,984,2021,Workstation
NVIDIA,T1000,2021,4.0,128.0,1065,1250.0,56,32,No,PCIe 3.0 x16,GDDR6,TU117,7829,831,2021,Unknown
NVIDIA,T400,2021,2.0,64.0,420,1250.0,24,16,No,PCIe 3.0 x16,GDDR6,TU117,3627,561,2021,Unknown
NVIDIA,T600,2021,4.0,128.0,735,1250.0,40,32,No,PCIe 3.0 x16,GDDR6,TU117,6509,738,2021,Unknown
NVIDIA,GeForce MX330,2020,2.0,64.0,1531,1752.0,24,16,No,PCIe 3.0 x4,GDDR5,GP108,2547,234,2020,Unknown
NVIDIA,GeForce MX350,2020,2.0,64.0,1354,1752.0,32,16,No,PCIe 3.0 x4,GDDR5,GP107,2855,243,2020,Unknown
NVIDIA,GeForce RTX 3060 Ti,2020,8.0,256.0,1410,1750.0,152,80,No,PCIe 4.0 x16,GDDR6,GA104,20206,961,2020,Desktop
NVIDIA,GeForce RTX 3070,2020,8.0,256.0,1500,1750.0,184,96,No,PCIe 4.0 x16,GDDR6,GA104,22093,969,2020,Desktop
NVIDIA,GeForce RTX 3080,2020,10.0,320.0,1440,1188.0,272,96,No,PCIe 4.0 x16,GDDR6X,GA102,24853,1003,2020,Desktop
NVIDIA,GeForce RTX 3090,2020,24.0,384.0,1395,1219.0,328,112,No,PCIe 4.0 x16,GDDR6X,GA102,26395,999,2020,Desktop
AMD,Radeon Pro 5300,2020,4.0,128.0,1000,1750.0,80,32,No,PCIe 4.0 x8,GDDR6,Navi 14,7522,663,2020,Unknown
AMD,Radeon Pro 5500 XT,2020,8.0,128.0,1187,1750.0,96,32,No,PCIe 4.0 x8,GDDR6,Navi 14,8298,628,2020,Unknown
AMD,Radeon Pro 5600M,2020,8.0,2048.0,1000,770.0,160,64,No,PCIe 4.0 x16,HBM2,Navi 12,10200,702,2020,Mobile
AMD,Radeon Pro 5700,2020,8.0,256.0,1243,1500.0,144,64,No,PCIe 4.0 x16,GDDR6,Navi 10,11844,829,2020,Desktop
AMD,Radeon Pro 5700 XT,2020,16.0,256.0,1243,1500.0,160,64,No,PCIe 4.0 x16,GDDR6,Navi 10,12537,831,2020,Desktop
AMD,Radeon Pro VII,2020,16.0,4096.0,1400,1000.0,240,64,No,PCIe 4.0 x16,HBM2,Vega 20,16853,720,2020,Unknown
AMD,Radeon Pro W5500,2020,8.0,128.0,1744,1750.0,88,32,No,PCIe 4.0 x8,GDDR6,Navi 14,9269,896,2020,Desktop
AMD,Radeon Pro W5500M,2020,4.0,128.0,1000,1750.0,88,32,No,PCIe 4.0 x8,GDDR6,Navi 14,2010,533,2020,Mobile
AMD,Radeon RX 5300,2020,3.0,96.0,1327,1750.0,88,32,No,PCIe 4.0 x8,GDDR6,Navi 14,7611,854,2021,Desktop
AMD,Radeon RX 5600 XT,2020,6.0,192.0,1130,1500.0,144,64,No,PCIe 4.0 x16,GDDR6,Navi 10,13836,914,2020,Desktop
AMD,Radeon RX 5600M,2020,6.0,192.0,1035,1500.0,144,64,No,PCIe 4.0 x16,GDDR6,Navi 10,7157,537,2020,Mobile
AMD,Radeon RX 6800,2020,16.0,256.0,1700,2000.0,240,96,No,PCIe 4.0 x16,GDDR6,Navi 21,20667,1030,2020,Desktop
AMD,Radeon RX 6800 XT,2020,16.0,256.0,1825,2000.0,288,128,No,PCIe 4.0 x16,GDDR6,Navi 21,23364,1078,2020,Desktop
AMD,Radeon RX 6900 XT,2020,16.0,256.0,1825,2000.0,320,128,No,PCIe 4.0 x16,GDDR6,Navi 21,25458,1102,2020,Desktop
NVIDIA,RTX A6000,2020,48.0,384.0,1410,2000.0,336,112,No,PCIe 4.0 x16,GDDR6,GA102,22122,832,2021,Workstation
NVIDIA,GeForce GTX 1650,2019,4.0,128.0,1485,2001.0,56,32,No,PCIe 3.0 x16,GDDR5,TU117,7807,592,2019,Desktop
NVIDIA,GeForce GTX 1650 SUPER,2019,4.0,128.0,1530,1500.0,80,32,No,PCIe 3.0 x16,GDDR6,TU116,10032,761,2019,Desktop
NVIDIA,GeForce GTX 1660,2019,6.0,192.0,1530,2001.0,88,48,No,PCIe 3.0 x16,GDDR5,TU116,11695,796,2019,Desktop
NVIDIA,GeForce GTX 1660 SUPER,2019,6.0,192.0,1530,1750.0,88,48,No,PCIe 3.0 x16,GDDR6,TU116,12732,823,2019,Desktop
NVIDIA,GeForce GTX 1660 Ti,2019,6.0,192.0,1500,1500.0,96,48,No,PCIe 3.0 x16,GDDR6,TU116,11794,702,2019,Desktop
NVIDIA,GeForce MX230,2019,2.0,64.0,1519,1502.0,16,16,No,PCIe 3.0 x4,GDDR5,GP108,1884,219,2019,Unknown
NVIDIA,GeForce MX250,2019,2.0,64.0,1519,1502.0,24,16,No,PCIe 3.0 x4,GDDR5,GP108,2515,250,2019,Unknown
NVIDIA,GeForce RTX 2060,2019,6.0,192.0,1365,1750.0,120,48,No,PCIe 3.0 x16,GDDR6,TU106,13953,752,2019,Desktop
NVIDIA,GeForce RTX 2060 SUPER,2019,8.0,256.0,1470,1750.0,136,64,No,PCIe 3.0 x16,GDDR6,TU106,16514,881,2019,Desktop
NVIDIA,GeForce RTX 2070 SUPER,2019,8.0,256.0,1605,1750.0,160,64,No,PCIe 3.0 x16,GDDR6,TU104,18168,896,2019,Desktop
NVIDIA,GeForce RTX 2080 SUPER,2019,8.0,256.0,1650,1937.0,192,64,No,PCIe 3.0 x16,GDDR6,TU104,19519,934,2019,Desktop
NVIDIA,Quadro P2200,2019,5.0,160.0,1000,1251.0,80,40,No,PCIe 3.0 x16,GDDR5X,GP106,9486,971,2019,Workstation
AMD,Radeon 550X,2019,2.0,128.0,1082,1750.0,32,16,No,PCIe 3.0 x8,GDDR5,Lexa,1430,273,2019,Unknown
AMD,Radeon Pro 5300M,2019,4.0,128.0,1000,1500.0,80,32,No,PCIe 4.0 x8,GDDR6,Navi 14,5840,636,2019,Unknown
AMD,Radeon Pro 5500M,2019,8.0,128.0,1000,1500.0,96,32,No,PCIe 4.0 x8,GDDR6,Navi 14,6763,682,2019,Unknown
AMD,Radeon Pro 580X,2019,8.0,256.0,1100,1710.0,144,32,No,PCIe 3.0 x16,GDDR5,Ellesmere,7540,698,2019,Desktop
AMD,Radeon Pro Vega 48,2019,8.0,2048.0,1200,786.0,192,64,No,PCIe 3.0 x16,HBM2,Vega 10,11504,821,2019,Unknown
AMD,Radeon Pro Vega 64X,2019,16.0,2048.0,1250,1000.0,256,64,No,PCIe 3.0 x16,HBM2,Vega 10,14630,948,2021,Unknown
AMD,Radeon Pro Vega II,2019,32.0,4096.0,1574,806.0,256,64,No,PCIe 3.0 x16,HBM2,Vega 20,14738,827,2020,Unknown
AMD,Radeon Pro W5700,2019,8.0,256.0,1400,1750.0,144,64,No,PCIe 4.0 x16,GDDR6,Navi 10,15085,908,2020,Desktop
AMD,Radeon Pro WX 3200,2019,4.0,128.0,1295,1500.0,32,16,No,PCIe 3.0 x8,GDDR5,Polaris 23,2456,478,2019,Mobile
AMD,Radeon RX 5300M,2019,3.0,96.0,1000,1750.0,88,32,No,PCIe 4.0 x8,GDDR6,Navi 14,3562,366,2020,Mobile
AMD,Radeon RX 5500 XT,2019,4.0,128.0,1607,1750.0,88,32,No,PCIe 4.0 x8,GDDR6,Navi 14,9188,824,2019,Desktop
AMD,Radeon RX 5500M,2019,4.0,128.0,1375,1750.0,88,32,No,PCIe 4.0 x8,GDDR6,Navi 14,4010,414,2020,Mobile
AMD,Radeon RX 5700,2019,8.0,256.0,1465,1750.0,144,64,No,PCIe 4.0 x16,GDDR6,Navi 10,14729,926,2019,Desktop
AMD,Radeon RX 5700 XT,2019,8.0,256.0,1605,1750.0,160,64,No,PCIe 4.0 x16,GDDR6,Navi 10,16892,955,2019,Desktop
AMD,Radeon RX 5700 XT 50th Anniversary,2019,8.0,256.0,1680,1750.0,160,64,No,PCIe 4.0 x16,GDDR6,Navi 10,16650,965,2019,Desktop
AMD,Radeon VII,2019,16.0,4096.0,1400,1000.0,240,64,No,PCIe 3.0 x16,HBM2,Vega 20,16767,788,2019,Desktop
NVIDIA,GeForce RTX 2070,2018,8.0,256.0,1410,1750.0,144,64,No,PCIe 3.0 x16,GDDR6,TU106,16079,833,2018,Desktop
NVIDIA,GeForce RTX 2080,2018,8.0,256.0,1515,1750.0,184,64,No,PCIe 3.0 x16,GDDR6,TU104,18732,917,2018,Desktop
NVIDIA,GeForce RTX 2080 Ti,2018,11.0,352.0,1350,1750.0,272,88,No,PCIe 3.0 x16,GDDR6,TU102,21796,940,2018,Desktop
NVIDIA,Quadro GV100,2018,32.0,4096.0,1132,848.0,320,128,No,PCIe 3.0 x16,HBM2,GV100,17675,841,2018,Workstation
NVIDIA,Quadro P620,2018,2.0,128.0,1266,1252.0,32,16,No,PCIe 3.0 x16,GDDR5,GP107,3640,575,2018,Workstation
NVIDIA,Quadro RTX 4000,2018,8.0,256.0,1005,1625.0,144,64,No,PCIe 3.0 x16,GDDR6,TU104,15515,904,2019,Workstation
NVIDIA,Quadro RTX 5000,2018,16.0,256.0,1620,1750.0,192,64,No,PCIe 3.0 x16,GDDR6,TU104,16260,763,2019,Workstation
NVIDIA,Quadro RTX 6000,2018,24.0,384.0,1440,1750.0,288,96,No,PCIe 3.0 x16,GDDR6,TU102,19692,837,2018,Workstation
NVIDIA,Quadro RTX 8000,2018,48.0,384.0,1395,1750.0,288,96,No,PCIe 3.0 x16,GDDR6,TU102,19126,801,2019,Workstation
AMD,Radeon Pro 560X,2018,4.0,128.0,1004,1470.0,64,16,No,PCIe 3.0 x8,GDDR5,Polaris 21,3678,711,2018,Unknown
AMD,Radeon Pro Vega 16,2018,4.0,1024.0,815,1200.0,64,32,No,PCIe 3.0 x16,HBM2,Vega 12,4683,672,2019,Unknown
AMD,Radeon Pro Vega 20,2018,4.0,1024.0,815,740.0,80,32,No,PCIe 3.0 x16,HBM2,Vega 12,5117,544,2018,Unknown
AMD,Radeon Pro WX 8200,2018,8.0,2048.0,1200,1000.0,224,64,No,PCIe 3.0 x16,HBM2,Vega 10,14110,824,2018,Desktop
AMD,Radeon Pro WX Vega M GL,2018,4.0,1024.0,931,700.0,80,32,No,IGP,HBM2,Polaris 22,6049,777,2019,Mobile
AMD,Radeon RX 550X,2018,4.0,128.0,1100,1500.0,32,16,No,PCIe 3.0 x8,GDDR5,Lexa,2370,508,2019,Desktop
AMD,Radeon RX 560X,2018,4.0,128.0,1175,1750.0,64,16,No,PCIe 3.0 x8,GDDR5,Polaris 21,3181,487,2018,Desktop
AMD,Radeon RX 570X,2018,8.0,256.0,1168,1750.0,128,32,No,PCIe 3.0 x16,GDDR5,Polaris 20,1923,750,2020,Desktop
AMD,Radeon RX 580 2048SP,2018,4.0,256.0,1168,1750.0,128,32,No,PCIe 3.0 x16,GDDR5,Polaris 20,7768,669,2019,Unknown
AMD,Radeon RX 580X,2018,8.0,256.0,1257,2000.0,144,32,No,PCIe 3.0 x16,GDDR5,Polaris 20,7798,885,2019,Desktop
AMD,Radeon RX 590,2018,8.0,256.0,1469,2000.0,144,32,No,PCIe 3.0 x16,GDDR5,Polaris 30,9665,810,2018,Desktop
AMD,Radeon RX Vega M GH,2018,4.0,1024.0,1063,800.0,96,64,No,IGP,HBM2,Polaris 22,6734,833,2018,Unknown
AMD,Radeon RX Vega M GL,2018,4.0,1024.0,931,700.0,80,32,No,IGP,HBM2,Polaris 22,3315,506,2018,Unknown
NVIDIA,Tesla T4,2018,16.0,256.0,585,1250.0,160,64,No,PCIe 3.0 x16,GDDR6,TU104,11113,567,2020,Unknown
NVIDIA,TITAN RTX,2018,24.0,384.0,1350,1750.0,288,96,No,PCIe 3.0 x16,GDDR6,TU102,20169,844,2018,Workstation
NVIDIA,TITAN V CEO Edition,2018,32.0,4096.0,1200,848.0,320,128,No,PCIe 3.0 x16,HBM2,GV100,16988,1086,2018,Desktop
NVIDIA,GeForce GT 1030,2017,2.0,64.0,1228,1502.0,24,16,No,PCIe 3.0 x4,GDDR5,GP108,2545,449,2017,Desktop
NVIDIA,GeForce GTX 1070 Ti,2017,8.0,256.0,1607,2002.0,152,64,No,PCIe 3.0 x16,GDDR5,GP104,14500,877,2017,Desktop
NVIDIA,GeForce GTX 1080 Ti,2017,11.0,352.0,1481,1376.0,224,88,No,PCIe 3.0 x16,GDDR5X,GP102,18284,934,2017,Desktop
NVIDIA,GeForce MX110,2017,2.0,64.0,978,1253.0,24,8,No,PCIe 3.0 x4,GDDR5,GM108,1469,195,2017,Unknown
NVIDIA,GeForce MX130,2017,2.0,64.0,1109,1253.0,24,8,No,PCIe 3.0 x4,GDDR5,GM108,1895,195,2018,Unknown
NVIDIA,GeForce MX150,2017,2.0,64.0,1469,1502.0,24,16,No,PCIe 3.0 x4,GDDR5,GP108,2310,218,2017,Mobile
NVIDIA,P104-100,2017,4.0,256.0,1607,1251.0,120,64,No,PCIe 3.0 x16,GDDR5X,GP104,4450,114,2020,Unknown
NVIDIA,P106-090,2017,3.0,192.0,1354,2002.0,48,48,No,PCIe 3.0 x16,GDDR5,GP106,2402,104,2020,Unknown
NVIDIA,P106-100,2017,6.0,192.0,1506,2002.0,80,48,No,PCIe 3.0 x16,GDDR5,GP106,5967,339,2019,Unknown
NVIDIA,Quadro P1000,2017,4.0,128.0,1266,1253.0,40,32,No,PCIe 3.0 x16,GDDR5,GP107,4466,659,2017,Workstation
NVIDIA,Quadro P2000,2017,5.0,160.0,1076,1752.0,64,40,No,PCIe 3.0 x16,GDDR5,GP106,7096,692,2017,Workstation
NVIDIA,Quadro P400,2017,2.0,64.0,1228,1002.0,16,16,No,PCIe 3.0 x16,GDDR5,GP107,1614,427,2017,Workstation
NVIDIA,Quadro P4000,2017,8.0,256.0,1202,1901.0,112,64,No,PCIe 3.0 x16,GDDR5,GP104,11422,820,2017,Workstation
NVIDIA,Quadro P600,2017,2.0,128.0,1329,1002.0,24,16,No,PCIe 3.0 x16,GDDR5,GP107,3324,482,2017,Workstation
AMD,Radeon 550,2017,2.0,64.0,1100,1750.0,32,16,No,PCIe 3.0 x8,GDDR5,Lexa,1959,501,2022,Unknown
AMD,Radeon Pro 555,2017,2.0,128.0,850,1275.0,48,16,No,PCIe 3.0 x8,GDDR5,Polaris 21,3141,659,2017,Unknown
AMD,Radeon Pro 560,2017,4.0,128.0,907,1270.0,64,16,No,PCIe 3.0 x8,GDDR5,Polaris 21,3475,724,2017,Unknown
AMD,Radeon Pro 570,2017,4.0,256.0,1000,1695.0,112,32,No,PCIe 3.0 x16,GDDR5,Polaris 20,6337,697,2019,Unknown
AMD,Radeon Pro 580,2017,8.0,256.0,1100,1695.0,144,32,No,PCIe 3.0 x16,GDDR5,Ellesmere,7753,943,2018,Unknown
AMD,Radeon Pro SSG,2017,16.0,2048.0,1440,945.0,256,64,No,PCIe 3.0 x16,HBM2,Vega 10,10498,601,2018,Unknown
AMD,Radeon Pro Vega 56,2017,8.0,2048.0,1138,786.0,224,64,No,PCIe 3.0 x16,HBM2,Vega 10,12386,860,2018,Desktop
AMD,Radeon Pro Vega 64,2017,16.0,2048.0,1250,786.0,256,64,No,PCIe 3.0 x16,HBM2,Vega 10,12402,836,2018,Unknown
AMD,Radeon Pro WX 2100,2017,2.0,64.0,925,1500.0,32,16,No,PCIe 3.0 x8,GDDR5,Lexa,1755,398,2017,Mobile
AMD,Radeon Pro WX 3100,2017,4.0,128.0,925,1500.0,32,16,No,PCIe 3.0 x8,GDDR5,Lexa,2627,491,2017,Workstation
AMD,Radeon Pro WX 9100,2017,16.0,2048.0,1200,945.0,256,64,No,PCIe 3.0 x16,HBM2,Vega 10,13241,772,2017,Desktop
AMD,Radeon RX 550,2017,2.0,128.0,1100,1750.0,32,16,No,PCIe 3.0 x8,GDDR5,Lexa,2718,484,2017,Desktop
AMD,Radeon RX 560,2017,4.0,128.0,1175,1750.0,64,16,No,PCIe 3.0 x8,GDDR5,Polaris 21,3594,506,2017,Desktop
AMD,Radeon RX 580,2017,8.0,256.0,1257,2000.0,144,32,No,PCIe 3.0 x16,GDDR5,Polaris 20,8907,772,2017,Desktop
AMD,Radeon RX Vega 56,2017,8.0,2048.0,1156,800.0,224,64,No,PCIe 3.0 x16,HBM2,Vega 10,13636,784,2017,Desktop
AMD,Radeon RX Vega 64,2017,8.0,2048.0,1247,945.0,256,64,No,PCIe 3.0 x16,HBM2,Vega 10,14636,810,2017,Desktop
AMD,Radeon Vega Frontier Edition,2017,16.0,2048.0,1382,945.0,256,64,No,PCIe 3.0 x16,HBM2,Vega 10,13748,753,2017,Desktop
NVIDIA,TITAN V,2017,12.0,3072.0,1200,848.0,320,96,No,PCIe 3.0 x16,HBM2,GV100,18816,845,2017,Desktop
NVIDIA,TITAN Xp,2017,12.0,384.0,1405,1426.0,240,96,No,PCIe 3.0 x16,GDDR5X,GP102,19508,992,2020,Unknown
AMD,FirePro S7150,2016,8.0,256.0,920,1250.0,128,32,No,PCIe 3.0 x16,GDDR5,Tonga,6276,866,2016,Unknown
NVIDIA,GeForce 920MX,2016,2.0,64.0,965,900.0,24,8,No,PCIe 3.0 x8,DDR3,GM108,1088,149,2016,Unknown
NVIDIA,GeForce 930MX,2016,2.0,64.0,952,900.0,24,8,No,PCIe 3.0 x8,DDR3,GM108,1302,191,2016,Mobile
NVIDIA,GeForce 940MX,2016,2.0,64.0,1004,1001.0,24,8,No,PCIe 3.0 x8,DDR3,GM108,1503,171,2016,Unknown
NVIDIA,GeForce 945M,2016,1.024,64.0,1006,1001.0,24,8,No,PCIe 3.0 x8,DDR3,GM108,1945,256,2015,Unknown
NVIDIA,GeForce GT 710,2016,1.024,64.0,810,898.0,8,4,No,PCIe 2.0 x16,DDR3,GF119,637,214,2014,Desktop
NVIDIA,GeForce GTX 1050,2016,2.0,128.0,1354,1752.0,40,32,No,PCIe 3.0 x16,GDDR5,GP107,5090,475,2016,Desktop
NVIDIA,GeForce GTX 1050 Ti,2016,4.0,128.0,1291,1752.0,48,32,No,PCIe 3.0 x16,GDDR5,GP107,6314,651,2016,Desktop
NVIDIA,GeForce GTX 1070,2016,8.0,256.0,1506,2002.0,120,64,No,PCIe 3.0 x16,GDDR5,GP104,13482,857,2016,Desktop
NVIDIA,GeForce GTX 1080,2016,8.0,256.0,1607,1251.0,160,64,No,PCIe 3.0 x16,GDDR5X,GP104,15265,890,2016,Desktop
NVIDIA,GeForce GTX 965M,2016,2.0,128.0,935,1253.0,64,32,No,MXM-B (3.0),GDDR5,GM206,3824,338,2015,Mobile
NVIDIA,GRID M10-8Q,2016,8.0,128.0,1033,1300.0,40,16,No,PCIe 3.0 x16,GDDR5,GM107,2606,557,2018,Unknown
NVIDIA,Quadro GP100,2016,16.0,4096.0,1304,715.0,224,96,No,PCIe 3.0 x16,HBM2,GP100,16203,858,2017,Workstation
NVIDIA,Quadro M2000,2016,4.0,128.0,796,1653.0,48,32,No,PCIe 3.0 x16,GDDR5,GM206,3942,565,2016,Workstation
NVIDIA,Quadro M500M,2016,2.0,64.0,1029,900.0,16,8,No,MXM-A (3.0),DDR3,GM108,1098,186,2016,"Mobile, Workstation"
NVIDIA,Quadro P5000,2016,16.0,256.0,1607,1127.0,160,64,No,PCIe 3.0 x16,GDDR5X,GP104,11976,701,2016,Workstation
NVIDIA,Quadro P6000,2016,24.0,384.0,1506,1127.0,240,96,No,PCIe 3.0 x16,GDDR5X,GP102,15811,773,2016,Workstation
AMD,Radeon Pro 450,2016,2.0,128.0,800,1270.0,40,16,No,PCIe 3.0 x8,GDDR5,Baffin,2723,619,2017,Unknown
AMD,Radeon Pro 455,2016,2.0,128.0,855,1270.0,48,16,No,PCIe 3.0 x8,GDDR5,Baffin,3113,705,2018,Unknown
AMD,Radeon Pro 460,2016,4.0,128.0,850,1270.0,64,16,No,PCIe 3.0 x8,GDDR5,Baffin,3453,679,2017,Unknown
AMD,Radeon Pro Duo,2016,4.0,4096.0,1000,500.0,256,64,No,PCIe 3.0 x16,HBM,Capsaicin,8324,715,2016,Desktop
AMD,Radeon Pro WX 4100,2016,4.0,128.0,1125,1500.0,64,16,No,PCIe 3.0 x8,GDDR5,Baffin,3766,690,2017,Desktop
AMD,Radeon Pro WX 5100,2016,8.0,256.0,713,1250.0,112,32,No,PCIe 3.0 x16,GDDR5,Ellesmere,5511,820,2016,Workstation
AMD,Radeon Pro WX 7100,2016,8.0,256.0,1188,1750.0,144,32,No,PCIe 3.0 x16,GDDR5,Ellesmere,7822,787,2016,Workstation
AMD,Radeon R5 M420,2016,4.0,64.0,780,1000.0,20,8,No,PCIe 3.0 x8,DDR3,Jet,470,164,2017,Unknown
AMD,Radeon R5 M430,2016,4.0,64.0,1030,900.0,20,8,No,PCIe 3.0 x8,DDR3,Exo,649,516,2016,Unknown
AMD,Radeon R5 M435,2016,2.0,64.0,780,1125.0,20,8,No,PCIe 3.0 x8,GDDR5,Jet,796,179,2018,Unknown
AMD,Radeon R7 M440,2016,4.0,64.0,891,900.0,20,8,No,PCIe 3.0 x8,DDR3,Meso,862,180,2016,Unknown
AMD,Radeon R7 M445,2016,4.0,64.0,780,1000.0,20,8,No,PCIe 3.0 x8,GDDR5,Meso,913,182,2017,Unknown
AMD,Radeon R7 M460,2016,2.0,64.0,1100,900.0,24,8,No,PCIe 3.0 x8,DDR3,Meso,1038,223,2016,Unknown
AMD,Radeon R7 M465,2016,2.0,64.0,1100,900.0,24,8,No,PCIe 3.0 x8,DDR3,Topaz,965,342,2017,Unknown
AMD,Radeon R7 M465X,2016,2.0,128.0,900,1125.0,32,16,No,PCIe 3.0 x16,GDDR5,Tropo,1624,440,2018,Unknown
AMD,Radeon R9 M470,2016,4.0,128.0,900,1500.0,48,16,No,PCIe 3.0 x16,GDDR5,Emerald,2288,324,2016,Mobile
AMD,Radeon R9 M470X,2016,4.0,128.0,1000,1500.0,56,16,No,PCIe 3.0 x16,GDDR5,Emerald,3400,552,2016,Mobile
AMD,Radeon R9 M485X,2016,8.0,256.0,723,1250.0,128,32,No,MXM-B (3.0),GDDR5,Amethyst,3204,492,2017,Unknown
AMD,Radeon RX 460,2016,2.0,128.0,1090,1750.0,56,16,No,PCIe 3.0 x8,GDDR5,Baffin,4114,570,2016,Desktop
AMD,Radeon RX 480,2016,8.0,256.0,1120,2000.0,144,32,No,PCIe 3.0 x16,GDDR5,Ellesmere,8674,779,2016,Desktop
NVIDIA,Tesla M10,2016,8.0,128.0,1033,1300.0,40,16,No,PCIe 3.0 x16,GDDR5,GM107,3490,522,2019,Unknown
AMD,FirePro W4170M,2015,2.0,128.0,825,1000.0,24,8,No,PCIe 3.0 x8,GDDR5,Opal,953,223,2015,Unknown
AMD,FirePro W4300,2015,4.0,128.0,930,1500.0,48,16,No,PCIe 3.0 x16,GDDR5,Bonaire,2863,771,2016,Workstation
AMD,FirePro W5130M,2015,2.0,128.0,900,1000.0,32,16,No,PCIe 3.0 x16,GDDR5,Tropo,1341,307,2016,Unknown
AMD,FirePro W6150M,2015,4.0,128.0,1075,1375.0,48,16,No,MXM-B (3.0),GDDR5,Saturn,1515,314,2021,Unknown
AMD,FirePro W7170M,2015,4.0,256.0,723,1250.0,128,32,No,PCIe 3.0 x16,GDDR5,Amethyst,3162,418,2016,Unknown
NVIDIA,GeForce 710A,2015,2.0,128.0,810,901.0,32,16,No,PCIe 3.0 x16,DDR3,GK107,451,258,2014,Desktop
NVIDIA,GeForce 810M,2015,2.0,64.0,835,900.0,32,16,No,PCIe 3.0 x16,DDR3,GK107,402,71,2014,Unknown
NVIDIA,GeForce 820M,2015,2.0,128.0,810,901.0,32,16,No,PCIe 3.0 x16,DDR3,GK107,511,111,2014,Mobile
NVIDIA,GeForce 845M,2015,2.0,64.0,863,1001.0,32,16,No,PCIe 3.0 x16,DDR3,GM107,1430,233,2015,Mobile
NVIDIA,GeForce 910M,2015,2.0,64.0,641,1001.0,32,8,No,PCIe 3.0 x8,DDR3,GK208B,578,150,2015,Unknown
NVIDIA,GeForce 920A,2015,2.0,64.0,954,1001.0,32,8,No,PCIe 3.0 x8,DDR3,GK208B,872,242,2016,Unknown
NVIDIA,GeForce 920M,2015,2.0,64.0,954,900.0,32,8,No,PCIe 3.0 x8,DDR3,GK208B,723,119,2015,Unknown
NVIDIA,GeForce 930A,2015,2.0,64.0,928,1001.0,24,8,No,PCIe 3.0 x8,DDR3,GM108,1082,391,2016,Unknown
NVIDIA,GeForce 930M,2015,2.0,64.0,928,900.0,24,8,No,PCIe 3.0 x8,DDR3,GM108,1011,153,2015,Unknown
NVIDIA,GeForce 940A,2015,2.0,64.0,1072,1001.0,16,8,No,PCIe 3.0 x8,DDR3,GM108,1145,348,2015,Unknown
NVIDIA,GeForce 940M,2015,2.0,64.0,1020,900.0,32,16,No,MXM-B (3.0),DDR3,GM107,1106,154,2015,Mobile
NVIDIA,GeForce 945A,2015,1.024,64.0,1006,1253.0,24,8,No,PCIe 3.0 x8,GDDR5,GM108,1852,716,2019,Unknown
NVIDIA,GeForce GTX 950,2015,2.0,128.0,1024,1653.0,48,32,No,PCIe 3.0 x16,GDDR5,GM206,5392,641,2015,Desktop
NVIDIA,GeForce GTX 950A,2015,2.0,128.0,993,1001.0,40,16,No,MXM-B (3.0),DDR3,GM107,2483,282,2015,Unknown
NVIDIA,GeForce GTX 950M,2015,4.0,128.0,993,900.0,40,16,No,PCIe 3.0 x8,DDR3,GM107,2602,219,2015,Mobile
NVIDIA,GeForce GTX 960,2015,2.0,128.0,1127,1753.0,64,32,No,PCIe 3.0 x16,GDDR5,GM206,6042,671,2015,Desktop
NVIDIA,GeForce GTX 960A,2015,2.0,128.0,1029,1253.0,40,16,No,MXM-B (3.0),GDDR5,GM107,2411,631,2015,Unknown
NVIDIA,GeForce GTX 960M,2015,4.0,128.0,1097,1253.0,40,16,No,MXM-B (3.0),GDDR5,GM107,3419,245,2015,Mobile
NVIDIA,GeForce GTX 980 Ti,2015,6.0,384.0,1000,1753.0,176,96,No,PCIe 3.0 x16,GDDR5,GM200,13864,854,2015,Desktop
NVIDIA,GeForce GTX TITAN X,2015,12.0,384.0,1000,1753.0,192,96,No,PCIe 3.0 x16,GDDR5,GM200,13173,843,2015,Desktop
NVIDIA,GRID M60-1Q,2015,1.024,256.0,557,1253.0,128,64,No,PCIe 3.0 x16,GDDR5,GM204,4251,211,2017,Unknown
NVIDIA,GRID M60-2Q,2015,2.0,256.0,557,1253.0,128,64,No,PCIe 3.0 x16,GDDR5,GM204,4316,339,2017,Unknown
NVIDIA,GRID M60-8Q,2015,8.0,256.0,557,1253.0,128,64,No,PCIe 3.0 x16,GDDR5,GM204,3884,618,2017,Unknown
NVIDIA,GRID M6-8Q,2015,8.0,256.0,722,1253.0,96,64,No,PCIe 3.0 x16,GDDR5,GM204,3568,556,2017,Unknown
NVIDIA,NVS 810,2015,2.0,64.0,902,900.0,32,16,No,PCIe 3.0 x16,DDR3,GM107,1141,313,2016,Unknown
NVIDIA,Quadro K1200,2015,4.0,128.0,1058,1250.0,32,16,No,PCIe 2.0 x16,GDDR5,GM107,2874,575,2015,Workstation
NVIDIA,Quadro K620M,2015,2.0,64.0,1029,900.0,16,8,No,MXM-A (3.0),DDR3,GM108,1157,157,2015,Unknown
NVIDIA,Quadro M1000M,2015,2.0,128.0,993,1253.0,32,16,No,MXM-A (3.0),GDDR5,GM107,2987,335,2015,"Mobile, Workstation"
NVIDIA,Quadro M2000M,2015,4.0,128.0,1029,1253.0,40,16,No,MXM-A (3.0),GDDR5,GM107,3539,342,2015,"Mobile, Workstation"
NVIDIA,Quadro M3000M,2015,4.0,256.0,1050,1253.0,64,32,No,PCIe 3.0 x16,GDDR5,GM204,5678,432,2015,"Mobile, Workstation"
NVIDIA,Quadro M4000,2015,8.0,256.0,773,1502.0,104,64,No,PCIe 3.0 x16,GDDR5,GM204,6644,689,2015,Workstation
NVIDIA,Quadro M4000M,2015,4.0,256.0,975,1253.0,80,64,No,PCIe 3.0 x16,GDDR5,GM204,6530,471,2015,"Mobile, Workstation"
NVIDIA,Quadro M5000,2015,8.0,256.0,861,1653.0,128,64,No,PCIe 3.0 x16,GDDR5,GM204,9262,679,2015,Workstation
NVIDIA,Quadro M5000M,2015,8.0,256.0,975,1253.0,96,64,No,MXM-B (3.0),GDDR5,GM204,6807,482,2016,"Mobile, Workstation"
NVIDIA,Quadro M6000,2015,12.0,384.0,988,1653.0,192,96,No,PCIe 3.0 x16,GDDR5,GM200,11397,788,2015,Workstation
NVIDIA,Quadro M600M,2015,2.0,128.0,837,1253.0,16,8,No,MXM-A (3.0),GDDR5,GM107,2008,446,2015,"Mobile, Workstation"
AMD,Radeon E6465,2015,2.0,64.0,600,800.0,8,4,No,PCIe 2.0 x16,GDDR5,Caicos,231,354,2018,Unknown
AMD,Radeon R5 M315,2015,2.0,64.0,970,900.0,24,8,No,PCIe 3.0 x8,DDR3,Meso,476,205,2016,Unknown
AMD,Radeon R5 M320,2015,4.0,64.0,780,1000.0,20,8,No,PCIe 3.0 x8,DDR3,Jet,418,137,2015,Unknown
AMD,Radeon R5 M330,2015,2.0,64.0,955,900.0,20,8,No,PCIe 3.0 x8,DDR3,Exo,596,519,2015,Mobile
AMD,Radeon R5 M335,2015,2.0,64.0,1070,900.0,20,8,No,PCIe 3.0 x8,DDR3,Exo,549,577,2015,Mobile
AMD,Radeon R7 360,2015,2.0,128.0,1000,1500.0,48,16,No,PCIe 3.0 x16,GDDR5,Tobago,3034,495,2015,Desktop
AMD,Radeon R7 370,2015,2.0,256.0,925,1400.0,64,32,No,PCIe 3.0 x16,GDDR5,Trinidad,4479,595,2016,Desktop
AMD,Radeon R7 A360,2015,2.0,64.0,1100,900.0,24,8,No,PCIe 3.0 x8,DDR3,Meso,676,346,2017,Unknown
AMD,Radeon R7 M260X,2015,1.024,128.0,620,1000.0,24,8,No,PCIe 3.0 x8,GDDR5,Opal,947,175,2015,Mobile
AMD,Radeon R7 M340,2015,2.0,64.0,943,1000.0,20,8,No,PCIe 3.0 x8,DDR3,Meso,646,151,2016,Mobile
AMD,Radeon R7 M350,2015,4.0,64.0,1000,1000.0,24,8,No,PCIe 3.0 x8,DDR3,Meso,1027,230,2016,Unknown
AMD,Radeon R7 M360,2015,2.0,64.0,1100,900.0,24,8,No,PCIe 3.0 x8,DDR3,Meso,552,150,2015,Mobile
AMD,Radeon R7 M365X,2015,1.024,128.0,900,1000.0,24,8,No,PCIe 3.0 x8,GDDR5,Litho,884,234,2016,Unknown
AMD,Radeon R7 M370,2015,4.0,128.0,900,1150.0,24,8,No,PCIe 3.0 x8,GDDR5,Litho,1418,676,2016,Mobile
AMD,Radeon R7 M380,2015,4.0,128.0,900,1000.0,40,16,No,PCIe 3.0 x16,DDR3,Tropo,1669,534,2017,Unknown
AMD,Radeon R9 370,2015,2.0,256.0,925,1400.0,80,32,No,PCIe 3.0 x16,GDDR5,Trinidad,4722,781,2016,Desktop
AMD,Radeon R9 380,2015,2.0,256.0,970,1375.0,112,32,No,PCIe 3.0 x16,GDDR5,Antigua,6275,675,2016,Desktop
AMD,Radeon R9 380X,2015,4.0,256.0,970,1425.0,128,32,No,PCIe 3.0 x16,GDDR5,Antigua,6189,670,2015,Desktop
AMD,Radeon R9 390,2015,8.0,512.0,1000,1500.0,160,64,No,PCIe 3.0 x16,GDDR5,Grenada,9008,816,2016,Desktop
AMD,Radeon R9 390X,2015,8.0,512.0,1050,1500.0,176,64,No,PCIe 3.0 x16,GDDR5,Grenada,9503,840,2016,Desktop
AMD,Radeon R9 A375,2015,2.0,128.0,900,1125.0,40,16,No,PCIe 3.0 x16,GDDR5,Venus,1024,232,2020,Unknown
AMD,Radeon R9 M270X,2015,2.0,128.0,900,1375.0,48,16,No,PCIe 3.0 x16,GDDR5,Saturn,1204,306,2015,Mobile
AMD,Radeon R9 M280X,2015,4.0,128.0,900,1375.0,56,16,No,PCIe 3.0 x16,GDDR5,Saturn,922,272,2020,Mobile
AMD,Radeon R9 M360,2015,4.0,128.0,900,1125.0,32,16,No,PCIe 3.0 x16,GDDR5,Tropo,1753,445,2016,Unknown
AMD,Radeon R9 M365X,2015,4.0,128.0,900,1125.0,40,16,No,PCIe 3.0 x16,GDDR5,Tropo,1482,446,2017,Mobile
AMD,Radeon R9 M375,2015,2.0,128.0,1000,900.0,40,16,No,PCIe 3.0 x16,DDR3,Tropo,763,172,2015,Mobile
AMD,Radeon R9 M375X,2015,2.0,128.0,925,1125.0,40,16,No,PCIe 3.0 x16,GDDR5,Tropo,1843,392,2016,Mobile
AMD,Radeon R9 M380,2015,4.0,128.0,900,1500.0,48,16,No,PCIe 3.0 x16,GDDR5,Strato,2931,617,2015,Mobile
AMD,Radeon R9 M385,2015,4.0,128.0,900,1200.0,56,16,No,PCIe 3.0 x16,GDDR5,Strato,2018,230,2020,Mobile
AMD,Radeon R9 M385X,2015,4.0,128.0,1000,1200.0,56,16,No,PCIe 3.0 x16,GDDR5,Strato,1929,285,2019,Mobile
AMD,Radeon R9 M390X,2015,4.0,256.0,723,1250.0,128,32,No,PCIe 3.0 x16,GDDR5,Amethyst,3021,507,2016,Mobile
AMD,Radeon R9 M395X,2015,8.0,256.0,723,1250.0,128,32,No,PCIe 3.0 x16,GDDR5,Amethyst,4775,762,2015,Mobile
NVIDIA,Tesla M40,2015,12.0,384.0,948,1502.0,192,96,No,PCIe 3.0 x16,GDDR5,GM200,10117,364,2021,Unknown
NVIDIA,Tesla M6,2015,8.0,256.0,930,1253.0,96,64,No,PCIe 3.0 x16,GDDR5,GM204,7509,441,2018,Unknown
NVIDIA,Tesla M60,2015,8.0,256.0,557,1253.0,128,64,No,PCIe 3.0 x16,GDDR5,GM204,7771,563,2017,Unknown
AMD,FirePro S9050,2014,12.0,384.0,900,1375.0,112,32,No,PCIe 3.0 x16,GDDR5,Tahiti,4901,369,2020,Unknown
AMD,FirePro W2100,2014,2.0,128.0,630,900.0,20,8,No,PCIe 3.0 x8,DDR3,Oland,890,327,2014,Workstation
AMD,FirePro W4100,2014,2.0,128.0,630,1000.0,32,16,No,PCIe 3.0 x16,GDDR5,Cape Verde,1541,535,2014,Workstation
AMD,FirePro W5100,2014,4.0,128.0,930,1500.0,48,16,No,PCIe 3.0 x16,GDDR5,Bonaire,2957,541,2014,Workstation
AMD,FirePro W7100,2014,8.0,256.0,920,1250.0,112,32,No,PCIe 3.0 x16,GDDR5,Tonga,5175,667,2015,Workstation
AMD,FirePro W8100,2014,8.0,512.0,824,1250.0,160,64,No,PCIe 3.0 x16,GDDR5,Hawaii,7327,759,2014,Workstation
AMD,FirePro W9100,2014,16.0,512.0,930,1250.0,176,64,No,PCIe 3.0 x16,GDDR5,Hawaii,7719,790,2014,Workstation
NVIDIA,GeForce 720A,2014,1.024,64.0,775,1000.0,16,8,No,PCIe 2.0 x16,DDR3,GF117,725,690,2018,Unknown
NVIDIA,GeForce 800A,2014,1.024,64.0,475,900.0,8,4,No,PCIe 2.0 x16,DDR3,GF119,428,224,2015,Unknown
NVIDIA,GeForce 800M,2014,1.024,64.0,738,900.0,8,8,No,PCIe 2.0 x16,DDR3,GF117,468,388,2014,Unknown
NVIDIA,GeForce 810A,2014,2.0,64.0,719,900.0,16,8,No,PCIe 3.0 x8,DDR3,GK208,622,319,2014,Unknown
NVIDIA,GeForce 820A,2014,1.024,64.0,775,900.0,16,8,No,PCIe 2.0 x16,DDR3,GF117,568,162,2015,Unknown
NVIDIA,GeForce 825M,2014,1.024,64.0,850,900.0,32,8,No,PCIe 3.0 x8,DDR3,GK208,769,293,2014,Mobile
NVIDIA,GeForce 830A,2014,2.0,64.0,1082,900.0,16,8,No,PCIe 3.0 x8,DDR3,GM108,1005,736,2014,Unknown
NVIDIA,GeForce 830M,2014,2.0,64.0,1082,900.0,16,8,No,PCIe 3.0 x8,DDR3,GM108,976,136,2014,Mobile
NVIDIA,GeForce 840A,2014,2.0,64.0,1029,1001.0,16,8,No,PCIe 3.0 x8,DDR3,GM108,1180,266,2014,Unknown
NVIDIA,GeForce 840M,2014,2.0,64.0,1029,1001.0,16,8,No,PCIe 3.0 x8,DDR3,GM108,1067,147,2014,Mobile
NVIDIA,GeForce GT 720,2014,2.0,64.0,967,900.0,32,8,No,PCIe 2.0 x8,DDR3,GK208,606,196,2014,Desktop
NVIDIA,GeForce GT 720A,2014,1.024,64.0,775,1001.0,16,8,No,PCIe 2.0 x16,DDR3,GF117,601,221,2014,Unknown
NVIDIA,GeForce GT 730,2014,2.0,128.0,700,800.0,16,4,No,PCIe 2.0 x16,DDR3,GF108,812,238,2014,Desktop
NVIDIA,GeForce GT 730A,2014,2.0,64.0,719,1001.0,32,8,No,PCIe 3.0 x8,DDR3,GK208,743,714,2014,Unknown
NVIDIA,GeForce GT 730M,2014,2.0,64.0,719,900.0,32,8,No,PCIe 2.0 x8,DDR3,GK208,816,173,2013,Mobile
NVIDIA,GeForce GT 740,2014,1.024,128.0,993,1253.0,32,16,No,PCIe 3.0 x16,GDDR5,GK107,1529,344,2014,Desktop
NVIDIA,GeForce GTX 750,2014,1.024,128.0,1020,1253.0,32,16,No,PCIe 3.0 x16,GDDR5,GM107,3399,480,2014,Desktop
NVIDIA,GeForce GTX 750 Ti,2014,2.0,128.0,1020,1350.0,40,16,No,PCIe 3.0 x16,GDDR5,GM107,3919,498,2014,Desktop
NVIDIA,GeForce GTX 760A,2014,2.0,128.0,628,1002.0,64,16,No,PCIe 3.0 x16,GDDR5,GK106,1060,476,2015,Unknown
NVIDIA,GeForce GTX 850A,2014,2.0,128.0,902,900.0,40,16,No,PCIe 3.0 x16,DDR3,GM107,1050,551,2015,Unknown
NVIDIA,GeForce GTX 850M,2014,2.0,128.0,902,1001.0,40,16,No,PCIe 3.0 x16,DDR3,GM107,2574,224,2014,Mobile
NVIDIA,GeForce GTX 860M,2014,4.0,128.0,1020,1253.0,40,16,No,MXM-B (3.0),GDDR5,GM107,3045,226,2014,Mobile
NVIDIA,GeForce GTX 870M,2014,3.0,192.0,941,1250.0,112,24,No,MXM-B (3.0),GDDR5,GK104,3380,293,2014,Mobile
NVIDIA,GeForce GTX 880M,2014,8.0,256.0,954,1250.0,128,32,No,MXM-B (3.0),GDDR5,GK104,3876,347,2014,Mobile
NVIDIA,GeForce GTX 970,2014,4.0,256.0,1050,1753.0,104,56,No,PCIe 3.0 x16,GDDR5,GM204,9688,781,2014,Desktop
NVIDIA,GeForce GTX 970M,2014,6.0,192.0,924,1253.0,80,48,No,MXM-B (3.0),GDDR5,GM204,5761,406,2014,Mobile
NVIDIA,GeForce GTX 980,2014,4.0,256.0,1127,1753.0,128,64,No,PCIe 3.0 x16,GDDR5,GM204,11237,815,2014,Desktop
NVIDIA,GeForce GTX 980M,2014,8.0,256.0,1038,1253.0,96,64,No,MXM-B (3.0),GDDR5,GM204,7317,514,2014,Mobile
NVIDIA,GeForce GTX TITAN Z,2014,6.0,384.0,705,1750.0,240,48,No,PCIe 3.0 x16,GDDR5,GK110B,9189,648,2014,Desktop
NVIDIA,GRID K120Q,2014,0.512,128.0,850,891.0,16,16,No,PCIe 3.0 x16,DDR3,GK107,293,278,2015,Workstation
NVIDIA,GRID K220Q,2014,0.512,256.0,745,1250.0,128,32,No,PCIe 3.0 x16,GDDR5,GK104,912,539,2015,Workstation
NVIDIA,Quadro K2200,2014,4.0,128.0,1046,1253.0,40,16,No,PCIe 2.0 x16,GDDR5,GM107,3541,534,2014,Workstation
NVIDIA,Quadro K2200M,2014,2.0,128.0,667,1253.0,40,16,No,MXM-A (3.0),GDDR5,GM107,3877,432,2015,Unknown
NVIDIA,Quadro K420,2014,1.024,128.0,876,891.0,16,16,No,PCIe 2.0 x16,DDR3,GK107,775,280,2014,Workstation
NVIDIA,Quadro K4200,2014,4.0,256.0,771,1350.0,112,32,No,PCIe 2.0 x16,GDDR5,GK104,4337,502,2014,Workstation
NVIDIA,Quadro K5200,2014,8.0,256.0,667,1502.0,192,48,No,PCIe 3.0 x16,GDDR5,GK110B,5780,501,2014,Workstation
NVIDIA,Quadro K620,2014,2.0,128.0,1058,900.0,24,16,No,PCIe 2.0 x16,DDR3,GM107,2246,472,2014,Workstation
AMD,Radeon E8860,2014,2.0,128.0,575,1125.0,40,16,No,PCIe 3.0 x16,GDDR5,Venus,1626,528,2015,Unknown
AMD,Radeon R5 230,2014,1.024,64.0,625,667.0,8,4,No,PCIe 2.0 x16,DDR3,Caicos,222,255,2018,Unknown
AMD,Radeon R5 A240,2014,2.0,128.0,730,900.0,20,8,No,PCIe 3.0 x8,DDR3,Oland,576,802,2016,Unknown
AMD,Radeon R5 M230,2014,4.0,64.0,825,1000.0,20,8,No,PCIe 3.0 x8,DDR3,Jet,391,139,2014,Mobile
AMD,Radeon R5 M240,2014,1.024,64.0,1000,900.0,20,8,No,PCIe 3.0 x8,DDR3,Jet,432,247,2015,Unknown
AMD,Radeon R5 M255,2014,1.024,128.0,925,1000.0,24,8,No,PCIe 3.0 x8,GDDR5,Topaz,496,142,2014,Mobile
AMD,Radeon R7 250X,2014,1.024,128.0,950,1125.0,40,16,No,PCIe 3.0 x16,GDDR5,Cape Verde,2269,637,2015,Desktop
AMD,Radeon R7 A265,2014,2.0,128.0,725,900.0,24,8,No,PCIe 3.0 x8,DDR3,Opal,955,737,2015,Unknown
AMD,Radeon R7 M260,2014,2.0,64.0,940,900.0,24,8,No,PCIe 3.0 x8,DDR3,Topaz,452,117,2014,Mobile
AMD,Radeon R7 M265,2014,2.0,64.0,900,900.0,24,8,No,PCIe 3.0 x8,DDR3,Topaz,576,170,2014,Mobile
AMD,Radeon R7 M270,2014,2.0,128.0,725,900.0,24,8,No,PCIe 3.0 x8,DDR3,Opal,734,167,2015,Unknown
AMD,Radeon R9 280,2014,3.0,384.0,827,1250.0,112,32,No,PCIe 3.0 x16,GDDR5,Tahiti,5668,679,2016,Desktop
AMD,Radeon R9 285,2014,2.0,256.0,918,1375.0,112,32,No,PCIe 3.0 x16,GDDR5,Tonga,6680,597,2021,Unknown
AMD,Radeon R9 295X2,2014,4.0,512.0,1018,1250.0,176,64,No,PCIe 3.0 x16,GDDR5,Vesuvius,8619,804,2014,Desktop
AMD,Radeon R9 M265X,2014,2.0,128.0,575,1000.0,40,16,No,PCIe 3.0 x16,GDDR5,Venus,929,212,2014,Mobile
AMD,Radeon R9 M275,2014,2.0,128.0,900,1000.0,40,16,No,PCIe 3.0 x16,GDDR5,Venus,1115,569,2014,Mobile
AMD,Radeon R9 M275X,2014,2.0,128.0,900,1125.0,40,16,No,PCIe 3.0 x16,GDDR5,Venus,1963,434,2021,Unknown
AMD,Radeon R9 M290X,2014,4.0,256.0,850,1200.0,80,32,No,PCIe 3.0 x16,GDDR5,Neptune,3375,453,2014,Mobile
AMD,Radeon R9 M295X,2014,4.0,256.0,723,1250.0,128,32,No,MXM-B (3.0),GDDR5,Amethyst,5150,832,2014,Mobile
AMD,FirePro M4150,2013,1.024,128.0,715,1000.0,24,8,No,PCIe 3.0 x8,GDDR5,Opal,999,207,2015,Unknown
AMD,FirePro M5100,2013,2.0,128.0,725,1125.0,40,16,No,MXM-A (3.0),GDDR5,Venus,2103,800,2014,Workstation
AMD,FirePro M6100,2013,2.0,128.0,1075,1375.0,48,16,No,MXM-B (3.0),GDDR5,Saturn,1945,338,2013,Workstation
AMD,FirePro R5000,2013,2.0,256.0,825,800.0,48,32,No,PCIe 3.0 x16,GDDR5,Pitcairn,2647,625,2016,Unknown
NVIDIA,GeForce 705M,2013,1.024,64.0,738,900.0,8,4,No,PCIe 2.0 x16,DDR3,GF119,456,455,2014,Unknown
NVIDIA,GeForce 710M,2013,1.024,64.0,719,900.0,16,8,No,PCIe 3.0 x8,DDR3,GK208,450,116,2013,Mobile
NVIDIA,GeForce GT 710M,2013,1.024,64.0,775,900.0,16,8,No,PCIe 2.0 x16,DDR3,GF117,444,123,2014,Unknown
NVIDIA,GeForce GT 720M,2013,2.0,64.0,719,800.0,16,8,No,PCIe 2.0 x8,DDR3,GK208,467,116,2013,Mobile
NVIDIA,GeForce GT 735M,2013,2.0,64.0,575,900.0,32,8,No,PCIe 3.0 x8,DDR3,GK208,594,131,2013,Mobile
NVIDIA,GeForce GT 740A,2013,2.0,64.0,980,900.0,32,8,No,PCIe 3.0 x8,DDR3,GK208,702,393,2015,Unknown
NVIDIA,GeForce GT 740M,2013,2.0,64.0,980,900.0,32,8,No,PCIe 3.0 x8,DDR3,GK208,779,143,2013,Mobile
NVIDIA,GeForce GT 745A,2013,2.0,128.0,837,900.0,32,16,No,PCIe 3.0 x16,DDR3,GK107,1144,748,2013,Unknown
NVIDIA,GeForce GT 745M,2013,2.0,128.0,837,900.0,32,16,No,PCIe 3.0 x16,DDR3,GK107,1055,172,2013,Mobile
NVIDIA,GeForce GT 750M,2013,2.0,128.0,941,1003.0,32,16,No,PCIe 3.0 x16,GDDR5,GK107,1313,239,2013,Mobile
NVIDIA,GeForce GT 755M,2013,2.0,128.0,980,1350.0,32,16,No,PCIe 3.0 x16,GDDR5,GK107,1610,306,2013,Mobile
NVIDIA,GeForce GT 820M,2013,1.024,64.0,775,900.0,16,8,No,PCIe 2.0 x16,DDR3,GF117,627,153,2016,Unknown
NVIDIA,GeForce GTX 650,2013,1.024,128.0,1058,1250.0,32,16,No,PCIe 3.0 x16,GDDR5,GK106,1769,346,2012,Desktop
NVIDIA,GeForce GTX 760,2013,2.0,256.0,980,1502.0,96,32,No,PCIe 3.0 x16,GDDR5,GK104,4775,523,2013,Desktop
NVIDIA,GeForce GTX 760 Ti OEM,2013,2.0,256.0,915,1502.0,112,32,No,PCIe 3.0 x16,GDDR5,GK104,5427,694,2019,Unknown
NVIDIA,GeForce GTX 760M,2013,2.0,128.0,628,1002.0,64,16,No,PCIe 3.0 x16,GDDR5,GK106,1691,240,2013,Mobile
NVIDIA,GeForce GTX 765M,2013,2.0,128.0,797,1002.0,64,16,No,MXM-B (3.0),GDDR5,GK106,1972,277,2013,Mobile
NVIDIA,GeForce GTX 770,2013,2.0,256.0,1046,1753.0,128,32,No,PCIe 3.0 x16,GDDR5,GK104,5892,551,2013,Desktop
NVIDIA,GeForce GTX 770M,2013,3.0,192.0,706,1002.0,80,24,No,MXM-B (3.0),GDDR5,GK106,2786,327,2013,Mobile
NVIDIA,GeForce GTX 780,2013,3.0,384.0,863,1502.0,192,48,No,PCIe 3.0 x16,GDDR5,GK110,8022,601,2013,Desktop
NVIDIA,GeForce GTX 780 Ti,2013,3.0,384.0,875,1753.0,240,48,No,PCIe 3.0 x16,GDDR5,GK110B,9312,626,2013,Desktop
NVIDIA,GeForce GTX 780M,2013,4.0,256.0,771,1250.0,128,32,No,MXM-B (3.0),GDDR5,GK104,3755,386,2013,Mobile
NVIDIA,GRID K1,2013,4.0,128.0,850,891.0,16,16,No,PCIe 3.0 x16,DDR3,GK107,811,463,2013,Workstation
NVIDIA,GRID K140Q,2013,1.024,128.0,850,891.0,16,16,No,PCIe 3.0 x16,DDR3,GK107,728,457,2014,Workstation
NVIDIA,GRID K160Q,2013,1.024,128.0,850,891.0,16,16,No,PCIe 3.0 x16,DDR3,GK107,628,262,2016,Workstation
NVIDIA,GRID K180Q,2013,1.024,128.0,850,891.0,16,16,No,PCIe 3.0 x16,DDR3,GK107,534,113,2015,Workstation
NVIDIA,GRID K2,2013,4.0,256.0,745,1250.0,128,32,No,PCIe 3.0 x16,GDDR5,GK104,2737,319,2013,Workstation
NVIDIA,GRID K240Q,2013,1.024,256.0,745,1250.0,128,32,No,PCIe 3.0 x16,GDDR5,GK104,2541,212,2014,Workstation
NVIDIA,GRID K260Q,2013,2.0,256.0,745,1250.0,128,32,No,PCIe 3.0 x16,GDDR5,GK104,2949,361,2015,Workstation
NVIDIA,GRID K280Q,2013,4.0,256.0,745,1250.0,128,32,No,PCIe 3.0 x16,GDDR5,GK104,2840,371,2015,Workstation
NVIDIA,GRID K520,2013,4.0,256.0,745,1250.0,128,32,No,PCIe 3.0 x16,GDDR5,GK104,3399,174,2013,Workstation
NVIDIA,NVS 315,2013,1.024,64.0,523,875.0,8,4,No,PCIe 2.0 x16,DDR3,GF119,286,187,2014,Workstation
NVIDIA,Quadro K1100M,2013,2.0,128.0,706,700.0,32,16,No,MXM-A (3.0),GDDR5,GK107,1082,250,2013,Workstation
NVIDIA,Quadro K2000,2013,2.0,128.0,954,1000.0,32,16,No,PCIe 2.0 x16,GDDR5,GK107,1567,371,2013,Workstation
NVIDIA,Quadro K2000D,2013,2.0,128.0,954,1000.0,32,16,No,PCIe 2.0 x16,GDDR5,GK107,1614,396,2013,Workstation
NVIDIA,Quadro K2100M,2013,2.0,128.0,667,752.0,48,16,No,MXM-A (3.0),GDDR5,GK106,1348,281,2013,Workstation
NVIDIA,Quadro K3100M,2013,4.0,256.0,706,800.0,64,32,No,MXM-B (3.0),GDDR5,GK104,2263,327,2013,Workstation
NVIDIA,Quadro K4000,2013,3.0,192.0,810,1404.0,64,24,No,PCIe 2.0 x16,GDDR5,GK106,2700,419,2012,Workstation
NVIDIA,Quadro K4100M,2013,4.0,256.0,706,800.0,96,32,No,MXM-B (3.0),GDDR5,GK104,2756,352,2013,Workstation
NVIDIA,Quadro K5100M,2013,8.0,256.0,771,900.0,128,32,No,MXM-B (3.0),GDDR5,GK104,3266,418,2014,Workstation
NVIDIA,Quadro K510M,2013,1.024,64.0,889,600.0,16,8,No,MXM-A (3.0),GDDR5,GK208,610,550,2013,Workstation
NVIDIA,Quadro K600,2013,1.024,128.0,876,891.0,16,16,No,PCIe 2.0 x16,DDR3,GK107,769,263,2013,Workstation
NVIDIA,Quadro K6000,2013,12.0,384.0,797,1502.0,240,48,No,PCIe 3.0 x16,GDDR5,GK110B,8108,556,2013,Workstation
NVIDIA,Quadro K610M,2013,1.024,64.0,980,650.0,16,8,No,MXM-A (3.0),GDDR5,GK208,708,239,2014,Workstation
AMD,Radeon HD 7690M XT,2013,2.0,128.0,725,900.0,24,8,No,PCIe 2.0 x16,GDDR5,Thames,1009,552,2015,Mobile
AMD,Radeon HD 7730,2013,1.024,128.0,800,1125.0,24,8,No,PCIe 3.0 x16,GDDR5,Cape Verde,1217,402,2015,Desktop
AMD,Radeon HD 7790,2013,1.024,128.0,1000,1500.0,56,16,No,PCIe 3.0 x16,GDDR5,Bonaire,3090,459,2013,Desktop
AMD,Radeon HD 7990,2013,3.0,384.0,950,1500.0,128,32,No,PCIe 3.0 x16,GDDR5,Malta,5566,766,2013,Desktop
AMD,Radeon HD 8570M,2013,1.024,64.0,750,1000.0,20,8,No,PCIe 3.0 x8,DDR3,Sun,422,164,2015,Unknown
AMD,Radeon HD 8670M,2013,1.024,64.0,775,900.0,24,8,No,PCIe 3.0 x8,DDR3,Mars,520,488,2014,Mobile
AMD,Radeon HD 8690M,2013,1.024,64.0,775,1000.0,20,8,No,PCIe 3.0 x8,GDDR5,Sun,984,768,2015,Unknown
AMD,Radeon HD 8730M,2013,2.0,128.0,650,900.0,24,8,No,PCIe 3.0 x8,DDR3,Mars,659,186,2015,Mobile
AMD,Radeon HD 8750M,2013,1.024,128.0,620,1000.0,24,8,No,PCIe 3.0 x8,GDDR5,Mars,860,212,2014,Mobile
AMD,Radeon HD 8790M,2013,2.0,128.0,850,1000.0,24,8,No,MXM-A (3.0),GDDR5,Mars,1306,751,2014,Mobile
AMD,Radeon HD 8850M,2013,2.0,128.0,575,1000.0,40,16,No,PCIe 3.0 x16,DDR3,Venus,973,502,2015,Mobile
AMD,Radeon HD 8870M,2013,2.0,128.0,725,1125.0,40,16,No,PCIe 3.0 x16,GDDR5,Venus,1638,629,2014,Mobile
AMD,Radeon HD 8970M,2013,4.0,256.0,850,1200.0,80,32,No,PCIe 3.0 x16,GDDR5,Neptune,3876,807,2014,Mobile
AMD,Radeon R7 240,2013,2.0,128.0,730,900.0,20,8,No,PCIe 3.0 x8,DDR3,Oland,863,258,2013,Desktop
AMD,Radeon R7 250,2013,1.024,128.0,925,900.0,32,16,No,PCIe 3.0 x16,DDR3,Cape Verde,1151,296,2013,Desktop
AMD,Radeon R7 260,2013,2.0,128.0,1000,1500.0,48,16,No,PCIe 3.0 x16,GDDR5,Bonaire,2892,559,2014,Desktop
AMD,Radeon R7 260X,2013,2.0,128.0,1100,1625.0,56,16,No,PCIe 3.0 x16,GDDR5,Bonaire,3147,506,2013,Desktop
AMD,Radeon R9 270,2013,2.0,256.0,900,1400.0,80,32,No,PCIe 3.0 x16,GDDR5,Curacao,4306,567,2018,Unknown
AMD,Radeon R9 270X,2013,2.0,256.0,1000,1400.0,80,32,No,PCIe 3.0 x16,GDDR5,Curacao,4923,607,2013,Desktop
AMD,Radeon R9 280X,2013,3.0,384.0,850,1500.0,128,32,No,PCIe 3.0 x16,GDDR5,Tahiti,6284,692,2016,Desktop
AMD,Radeon R9 290,2013,4.0,512.0,947,1250.0,160,64,No,PCIe 3.0 x16,GDDR5,Hawaii,8409,789,2020,Unknown
AMD,Radeon R9 290X,2013,4.0,512.0,1000,1250.0,176,64,No,PCIe 3.0 x16,GDDR5,Hawaii,8794,787,2020,Unknown
AMD,Radeon Sky 500,2013,4.0,256.0,950,1200.0,80,32,No,PCIe 3.0 x16,GDDR5,Pitcairn,4736,551,2019,Unknown
NVIDIA,Tesla K20m,2013,5.0,320.0,706,1300.0,208,40,No,PCIe 2.0 x16,GDDR5,GK110,5675,377,2022,Unknown
NVIDIA,Tesla K40m,2013,12.0,384.0,745,1502.0,240,48,No,PCIe 3.0 x16,GDDR5,GK110B,705,21,2021,Unknown
AMD,FirePro M2000,2012,1.024,64.0,500,800.0,24,8,No,PCIe 2.0 x16,GDDR5,Turks,406,206,2012,Workstation
AMD,FirePro M4000,2012,1.024,128.0,675,1000.0,32,16,No,MXM-A (3.0),GDDR5,Chelsea,1597,410,2012,Workstation
AMD,FirePro M6000,2012,2.0,128.0,800,1000.0,40,16,No,MXM-B (3.0),GDDR5,Heathrow,1820,776,2012,Workstation
AMD,FirePro S10000,2012,3.0,384.0,825,1250.0,112,32,No,PCIe 3.0 x16,GDDR5,Tahiti,5315,493,2015,Unknown
AMD,FirePro S7000,2012,4.0,256.0,950,1200.0,80,32,No,PCIe 3.0 x16,GDDR5,Pitcairn,4166,615,2014,Workstation
AMD,FirePro S9000,2012,6.0,384.0,900,1375.0,112,32,No,PCIe 3.0 x16,GDDR5,Tahiti,5059,561,2015,Unknown
AMD,FirePro V3900,2012,1.024,128.0,650,900.0,24,8,No,PCIe 2.0 x16,GDDR3,Turks,662,242,2012,Workstation
AMD,FirePro W5000,2012,2.0,256.0,825,800.0,48,32,No,PCIe 3.0 x16,GDDR5,Pitcairn,3056,587,2012,Workstation
AMD,FirePro W600,2012,2.0,128.0,750,1000.0,32,16,No,PCIe 3.0 x16,GDDR5,Cape Verde,1752,631,2013,Workstation
AMD,FirePro W7000,2012,4.0,256.0,950,1200.0,80,32,No,PCIe 3.0 x16,GDDR5,Pitcairn,4276,551,2012,Workstation
AMD,FirePro W8000,2012,4.0,256.0,900,1375.0,112,32,No,PCIe 3.0 x16,GDDR5,Tahiti,4138,570,2013,Workstation
AMD,FirePro W9000,2012,6.0,384.0,975,1375.0,128,32,No,PCIe 3.0 x16,GDDR5,Tahiti,6138,720,2012,Workstation
NVIDIA,GeForce 615,2012,1.024,128.0,660,900.0,8,4,No,PCIe 2.0 x16,DDR3,GF108,552,412,2013,Unknown
NVIDIA,GeForce GT 555M,2012,2.0,128.0,675,900.0,24,16,No,PCIe 2.0 x16,DDR3,GF116,688,124,2011,Mobile
NVIDIA,GeForce GT 610,2012,1.024,64.0,810,898.0,8,4,No,PCIe 2.0 x16,DDR3,GF119,303,127,2012,Desktop
NVIDIA,GeForce GT 620,2012,1.024,64.0,700,900.0,16,4,No,PCIe 2.0 x16,DDR3,GF108,365,162,2012,Desktop
NVIDIA,GeForce GT 620M,2012,1.024,64.0,625,900.0,16,8,No,PCIe 2.0 x16,DDR3,GF117,431,129,2012,Mobile
NVIDIA,GeForce GT 625M,2012,2.0,64.0,625,900.0,16,4,No,PCIe 2.0 x16,DDR3,GF117,435,210,2013,Mobile
NVIDIA,GeForce GT 630,2012,1.024,128.0,810,900.0,16,4,No,PCIe 2.0 x16,DDR3,GF108,683,208,2012,Desktop
NVIDIA,GeForce GT 630M,2012,2.0,128.0,800,900.0,16,4,No,MXM-A (3.0),GDDR5,GF117,549,151,2012,Mobile
NVIDIA,GeForce GT 635M,2012,2.0,128.0,675,900.0,24,16,No,PCIe 2.0 x16,DDR3,GF116,563,173,2012,Mobile
NVIDIA,GeForce GT 640,2012,2.0,128.0,902,891.0,32,16,No,PCIe 3.0 x16,DDR3,GK107,1182,285,2011,Desktop
NVIDIA,GeForce GT 640M,2012,2.0,128.0,625,900.0,32,16,No,PCIe 3.0 x16,DDR3,GK107,907,183,2012,Mobile
NVIDIA,GeForce GT 640M LE,2012,2.0,128.0,753,785.0,16,4,No,PCIe 2.0 x16,GDDR5,GF108,673,166,2012,Mobile
NVIDIA,GeForce GT 645M,2012,2.0,128.0,709,900.0,32,16,No,PCIe 3.0 x16,DDR3,GK107,958,170,2013,Mobile
NVIDIA,GeForce GT 650M,2012,1.024,128.0,835,900.0,32,16,No,PCIe 3.0 x16,DDR3,GK107,1199,233,2012,Mobile
NVIDIA,GeForce GTX 560 SE,2012,1.024,192.0,736,957.0,48,24,No,PCIe 2.0 x16,GDDR5,GF114,2087,413,2012,Desktop
NVIDIA,GeForce GTX 650 Ti,2012,1.024,128.0,928,1350.0,64,16,No,PCIe 3.0 x16,GDDR5,GK106,2527,400,2012,Desktop
NVIDIA,GeForce GTX 660,2012,2.0,192.0,980,1502.0,80,24,No,PCIe 3.0 x16,GDDR5,GK106,4004,476,2012,Desktop
NVIDIA,GeForce GTX 660 Ti,2012,2.0,192.0,915,1502.0,112,24,No,PCIe 3.0 x16,GDDR5,GK104,4367,449,2012,Desktop
NVIDIA,GeForce GTX 660M,2012,1.024,128.0,835,1000.0,32,16,No,MXM-B (3.0),GDDR5,GK107,1414,271,2012,Mobile
NVIDIA,GeForce GTX 670,2012,2.0,256.0,915,1502.0,112,32,No,PCIe 3.0 x16,GDDR5,GK104,5304,523,2012,Desktop
NVIDIA,GeForce GTX 670M,2012,1.536,192.0,598,750.0,56,24,No,MXM-B (3.0),GDDR5,GF114,1775,321,2012,Mobile
NVIDIA,GeForce GTX 670MX,2012,3.0,192.0,601,700.0,80,24,No,PCIe 3.0 x16,GDDR5,GK104,1906,335,2012,Mobile
NVIDIA,GeForce GTX 675M,2012,2.0,256.0,620,750.0,64,32,No,MXM-B (3.0),GDDR5,GF114,1934,326,2012,Mobile
NVIDIA,GeForce GTX 675MX,2012,2.0,256.0,654,900.0,80,32,No,MXM-B (3.0),GDDR5,GK104,2338,377,2013,Mobile
NVIDIA,GeForce GTX 680,2012,2.0,256.0,1006,1502.0,128,32,No,PCIe 3.0 x16,GDDR5,GK104,5535,528,2012,Desktop
NVIDIA,GeForce GTX 680M,2012,4.0,256.0,719,900.0,112,32,No,MXM-B (3.0),GDDR5,GK104,3077,348,2012,Mobile
NVIDIA,GeForce GTX 690,2012,2.0,256.0,915,1502.0,128,32,No,PCIe 3.0 x16,GDDR5,GK104,5654,458,2012,Desktop
NVIDIA,NVS 310,2012,0.512,64.0,523,875.0,8,4,No,PCIe 2.0 x16,DDR3,GF119,242,179,2012,Workstation
NVIDIA,NVS 510,2012,2.0,128.0,797,891.0,16,16,No,PCIe 2.0 x16,DDR3,GK107,730,276,2012,Workstation
NVIDIA,NVS 5200M,2012,1.024,64.0,625,900.0,16,4,No,MXM,DDR3,GF117,534,193,2012,Workstation
NVIDIA,NVS 5400M,2012,2.0,128.0,660,900.0,16,4,No,MXM,GDDR3,GF108,635,184,2012,Workstation
NVIDIA,Quadro 410,2012,0.512,64.0,706,891.0,16,8,No,PCIe 2.0 x16,DDR3,GK107,436,218,2012,Workstation
NVIDIA,Quadro 7000,2012,6.0,384.0,651,851.0,64,48,No,PCIe 2.0 x16,GDDR5,GF110,3505,397,2011,Workstation
NVIDIA,Quadro K1000M,2012,2.0,128.0,850,900.0,16,16,No,MXM-A (3.0),DDR3,GK107,773,244,2012,Workstation
NVIDIA,Quadro K2000M,2012,2.0,128.0,745,900.0,32,16,No,MXM-A (3.0),DDR3,GK107,1027,256,2012,Workstation
NVIDIA,Quadro K3000M,2012,2.0,256.0,654,700.0,48,32,No,MXM-B (3.0),GDDR5,GK104,1626,360,2012,Workstation
NVIDIA,Quadro K4000M,2012,4.0,256.0,601,700.0,80,32,No,MXM-B (3.0),GDDR5,GK104,1949,351,2012,Workstation
NVIDIA,Quadro K5000,2012,4.0,256.0,706,1350.0,128,32,No,PCIe 2.0 x16,GDDR5,GK104,3901,435,2012,Workstation
NVIDIA,Quadro K5000M,2012,4.0,256.0,601,750.0,112,32,No,MXM-B (3.0),GDDR5,GK104,2754,363,2012,Workstation
NVIDIA,Quadro K500M,2012,1.024,64.0,850,800.0,16,8,No,MXM-A (3.0),DDR3,GK107,480,184,2020,Unknown
AMD,Radeon HD 7450A,2012,0.512,64.0,625,800.0,8,4,No,MXM-A (3.0),GDDR3,Caicos,288,385,2012,Unknown
AMD,Radeon HD 7450M,2012,1.024,64.0,700,900.0,8,4,No,PCIe 2.0 x16,DDR3,Seymour,330,441,2015,Mobile
AMD,Radeon HD 7470M,2012,1.024,64.0,750,900.0,8,4,No,PCIe 2.0 x16,DDR3,Seymour,408,393,2012,Mobile
AMD,Radeon HD 7550M,2012,1.024,128.0,500,900.0,24,16,No,PCIe 2.0 x16,DDR3,Thames,465,403,2012,Mobile
AMD,Radeon HD 7570,2012,1.024,128.0,650,800.0,24,8,No,PCIe 2.0 x16,GDDR3,Turks,613,265,2012,Desktop
AMD,Radeon HD 7570M,2012,1.024,64.0,500,800.0,24,16,No,PCIe 2.0 x16,GDDR5,Thames,445,197,2012,Mobile
AMD,Radeon HD 7610M,2012,1.024,128.0,450,800.0,20,8,No,PCIe 2.0 x16,GDDR3,Whistler,632,479,2012,Mobile
AMD,Radeon HD 7650A,2012,1.024,128.0,600,900.0,24,8,No,MXM-A (3.0),DDR3,Onega,564,311,2012,Unknown
AMD,Radeon HD 7650M,2012,1.024,128.0,450,800.0,24,16,No,PCIe 2.0 x16,DDR3,Thames,451,69,2012,Mobile
AMD,Radeon HD 7670A,2012,1.024,128.0,600,1000.0,24,8,No,MXM-A (3.0),GDDR5,Turks,1050,702,2012,Unknown
AMD,Radeon HD 7670M,2012,1.024,128.0,600,900.0,24,16,No,PCIe 2.0 x16,DDR3,Thames,485,123,2012,Mobile
AMD,Radeon HD 7730M,2012,2.0,128.0,575,900.0,32,16,No,PCIe 2.0 x16,DDR3,Chelsea,634,218,2015,Mobile
AMD,Radeon HD 7750,2012,1.024,128.0,800,1125.0,32,16,No,PCIe 3.0 x16,GDDR5,Cape Verde,1696,398,2012,Desktop
AMD,Radeon HD 7750M,2012,2.0,128.0,575,1000.0,32,16,No,PCIe 2.0 x16,GDDR5,Chelsea,1191,693,2013,Mobile
AMD,Radeon HD 7850,2012,2.0,256.0,860,1200.0,64,32,No,PCIe 3.0 x16,GDDR5,Pitcairn,3826,550,2012,Desktop
AMD,Radeon HD 7850M,2012,2.0,128.0,675,1000.0,40,16,No,PCIe 3.0 x16,GDDR5,Heathrow,1373,566,2012,Mobile
AMD,Radeon HD 7870 XT,2012,2.0,256.0,925,1500.0,96,32,No,PCIe 3.0 x16,GDDR5,Tahiti,4470,661,2013,Desktop
AMD,Radeon HD 7870M,2012,2.0,128.0,800,1000.0,40,16,No,PCIe 3.0 x16,GDDR5,Heathrow,1507,556,2012,Mobile
AMD,Radeon HD 7970M,2012,2.0,256.0,850,1200.0,80,32,No,MXM-B (3.0),GDDR5,Wimbledon,3774,541,2012,Mobile
NVIDIA,Tesla K20Xm,2012,6.0,384.0,732,1300.0,224,48,No,PCIe 3.0 x16,GDDR5,GK110,5428,329,2022,Unknown
AMD,FirePro 2270,2011,0.512,64.0,600,600.0,8,4,No,PCIe 2.0 x16,GDDR3,Cedar,147,195,2012,Workstation
AMD,FirePro M5950,2011,1.024,128.0,725,900.0,24,8,No,MXM-A (3.0),GDDR5,Whistler,1314,574,2011,Workstation
AMD,FirePro V4900,2011,1.024,128.0,800,1000.0,24,8,No,PCIe 2.0 x16,GDDR5,Turks,974,318,2012,Workstation
AMD,FirePro V5900,2011,2.0,256.0,600,500.0,32,32,No,PCIe 2.0 x16,GDDR5,Cayman,1271,352,2011,Workstation
AMD,FirePro V7900,2011,2.0,256.0,725,1250.0,80,32,No,PCIe 2.0 x16,GDDR5,Cayman,2310,324,2011,Workstation
NVIDIA,GeForce 315M,2011,0.512,64.0,606,800.0,8,4,No,PCIe 2.0 x16,GDDR3,GT218,116,52,2011,Mobile
NVIDIA,GeForce 410M,2011,0.512,64.0,574,800.0,8,4,No,PCIe 2.0 x16,DDR3,GF119,250,129,2011,Mobile
NVIDIA,GeForce 610M,2011,1.024,64.0,738,900.0,8,4,No,PCIe 2.0 x16,DDR3,GF119,292,103,2012,Unknown
NVIDIA,GeForce GT 435M,2011,1.024,128.0,590,800.0,16,16,No,PCIe 2.0 x16,DDR3,GF106,521,208,2012,Mobile
NVIDIA,GeForce GT 440,2011,1.024,128.0,810,900.0,16,4,No,PCIe 2.0 x16,DDR3,GF108,766,238,2010,Desktop
NVIDIA,GeForce GT 520,2011,1.024,64.0,810,900.0,8,4,No,PCIe 2.0 x16,DDR3,GF119,297,126,2011,Desktop
NVIDIA,GeForce GT 520M,2011,1.024,64.0,740,800.0,8,4,No,PCIe 2.0 x16,DDR3,GF119,288,74,2012,Mobile
NVIDIA,GeForce GT 520MX,2011,1.024,64.0,900,900.0,8,4,No,PCIe 2.0 x16,DDR3,GF119,293,56,2012,Mobile
NVIDIA,GeForce GT 525M,2011,1.024,128.0,600,900.0,16,4,No,PCIe 2.0 x16,DDR3,GF108,460,95,2012,Mobile
NVIDIA,GeForce GT 540M,2011,1.024,128.0,672,900.0,16,4,No,MXM-A (3.0),DDR3,GF108,493,86,2012,Mobile
NVIDIA,GeForce GT 545,2011,1.536,192.0,720,800.0,24,16,No,PCIe 2.0 x16,DDR3,GF116,1096,342,2012,Unknown
NVIDIA,GeForce GT 550M,2011,1.024,128.0,740,900.0,16,4,No,PCIe 2.0 x16,DDR3,GF108,580,126,2011,Mobile
NVIDIA,GeForce GTX 460 v2,2011,1.024,192.0,779,1002.0,56,24,No,PCIe 2.0 x16,GDDR5,GF114,2005,459,2011,Desktop
NVIDIA,GeForce GTX 485M,2011,2.0,256.0,575,750.0,64,32,No,MXM-B (3.0),GDDR5,GF104,2360,479,2011,Mobile
NVIDIA,GeForce GTX 550 Ti,2011,1.024,192.0,900,1026.0,32,24,No,PCIe 2.0 x16,GDDR5,GF116,1557,363,2012,Desktop
NVIDIA,GeForce GTX 560,2011,1.024,256.0,810,1000.0,56,32,No,PCIe 2.0 x16,GDDR5,GF114,2711,418,2012,Desktop
NVIDIA,GeForce GTX 560 Ti,2011,1.024,256.0,823,1002.0,64,32,No,PCIe 2.0 x16,GDDR5,GF114,3056,416,2012,Desktop
NVIDIA,GeForce GTX 560M,2011,1.536,192.0,775,625.0,32,24,No,MXM-B (3.0),GDDR5,GF116,1266,243,2011,Mobile
NVIDIA,GeForce GTX 570M,2011,1.536,192.0,575,750.0,56,24,No,MXM-B (3.0),GDDR5,GF114,1910,350,2011,Mobile
NVIDIA,GeForce GTX 580M,2011,2.0,256.0,620,750.0,64,32,No,MXM-B (3.0),GDDR5,GF114,2373,455,2011,Mobile
NVIDIA,GeForce GTX 590,2011,1.536,384.0,608,854.0,64,48,No,PCIe 2.0 x16,GDDR5,GF110,3307,470,2011,Desktop
NVIDIA,NVS 300,2011,0.512,64.0,520,790.0,8,4,No,PCIe 2.0 x16,DDR3,GT218,114,60,2011,Workstation
NVIDIA,NVS 4200M,2011,1.024,64.0,810,800.0,8,4,No,MXM,DDR3,GF119,257,75,2012,Workstation
NVIDIA,Quadro 1000M,2011,2.0,128.0,700,900.0,16,4,No,MXM-A (3.0),DDR3,GF108,599,201,2012,Workstation
NVIDIA,Quadro 2000D,2011,1.024,128.0,625,650.0,32,16,No,PCIe 2.0 x16,GDDR5,GF106,989,324,2011,Unknown
NVIDIA,Quadro 2000M,2011,2.0,128.0,550,900.0,32,16,No,MXM-A (3.0),DDR3,GF106,773,249,2012,Workstation
NVIDIA,Quadro 3000M,2011,2.0,256.0,450,625.0,40,32,No,MXM-B (3.0),GDDR5,GF104,1024,323,2011,Workstation
NVIDIA,Quadro 400,2011,0.512,64.0,450,770.0,16,8,No,PCIe 2.0 x16,DDR3,GT216,146,67,2011,Workstation
NVIDIA,Quadro 4000M,2011,2.0,256.0,475,625.0,56,32,No,MXM-B (3.0),GDDR5,GF104,1307,256,2011,Workstation
NVIDIA,Quadro 5000,2011,2.5,320.0,513,750.0,44,40,No,PCIe 2.0 x16,GDDR5,GF100,1982,376,2010,Workstation
NVIDIA,Quadro 500M,2011,1.024,128.0,700,900.0,16,4,No,MXM-A (3.0),DDR3,GF108,664,588,2013,Workstation
NVIDIA,Quadro 5010M,2011,4.0,256.0,450,650.0,48,32,No,MXM-B (3.0),GDDR5,GF110,1891,366,2011,Workstation
AMD,Radeon E6460,2011,0.512,64.0,600,800.0,8,4,No,PCIe 2.0 x16,GDDR5,Caicos,324,225,2015,Unknown
AMD,Radeon HD 6230,2011,0.512,64.0,650,667.0,8,4,No,PCIe 2.0 x16,DDR2,Park,179,254,2013,Unknown
AMD,Radeon HD 6250,2011,0.512,64.0,650,500.0,8,4,No,PCIe 2.0 x16,GDDR3,Cedar,94,32,2012,Mobile
AMD,Radeon HD 6290,2011,1.024,64.0,650,800.0,8,4,No,PCIe 2.0 x16,GDDR3,Cedar,109,34,2012,Mobile
AMD,Radeon HD 6430M,2011,1.024,64.0,480,800.0,8,4,No,PCIe 2.0 x16,DDR3,Seymour,193,106,2013,Mobile
AMD,Radeon HD 6450,2011,0.512,64.0,625,800.0,8,4,No,PCIe 2.0 x16,GDDR5,Caicos,200,120,2011,Desktop
AMD,Radeon HD 6450A,2011,0.512,64.0,625,533.0,8,4,No,MXM-A (3.0),DDR3,Caicos,260,208,2012,Unknown
AMD,Radeon HD 6470M,2011,0.512,64.0,700,800.0,8,4,No,PCIe 2.0 x16,DDR3,Seymour,228,104,2012,Mobile
AMD,Radeon HD 6490M,2011,0.512,64.0,800,800.0,8,4,No,PCIe 2.0 x16,GDDR5,Seymour,378,514,2011,Mobile
AMD,Radeon HD 6550A,2011,2.0,128.0,550,800.0,24,8,No,MXM-A (3.0),GDDR3,Pinewood,708,609,2012,Unknown
AMD,Radeon HD 6570,2011,2.0,128.0,650,1000.0,24,8,No,PCIe 2.0 x16,GDDR5,Turks,496,193,2012,Desktop
AMD,Radeon HD 6610M,2011,1.024,128.0,450,800.0,24,8,No,PCIe 2.0 x16,DDR3,Whistler,565,527,2012,Unknown
AMD,Radeon HD 6630M,2011,1.024,128.0,500,800.0,24,8,No,PCIe 2.0 x16,DDR3,Whistler,685,390,2011,Mobile
AMD,Radeon HD 6650A,2011,1.024,128.0,600,900.0,24,8,No,MXM-A (3.0),DDR3,Onega,836,418,2012,Unknown
AMD,Radeon HD 6650M,2011,1.024,128.0,600,800.0,24,8,No,PCIe 2.0 x16,DDR3,Whistler,752,230,2011,Mobile
AMD,Radeon HD 6670,2011,1.024,128.0,800,1000.0,24,8,No,PCIe 2.0 x16,GDDR5,Turks,745,236,2012,Desktop
AMD,Radeon HD 6750,2011,1.024,128.0,700,1150.0,36,16,No,PCIe 2.0 x16,GDDR5,Juniper,1005,304,2011,Desktop
AMD,Radeon HD 6750M,2011,1.024,128.0,600,800.0,24,8,No,MXM-A (3.0),GDDR3,Whistler,937,487,2011,Mobile
AMD,Radeon HD 6770,2011,1.024,128.0,850,1200.0,40,16,No,PCIe 2.0 x16,GDDR5,Juniper,1231,313,2011,Desktop
AMD,Radeon HD 6770M,2011,1.024,128.0,725,900.0,24,8,No,MXM-A (3.0),GDDR5,Whistler,964,572,2011,Mobile
AMD,Radeon HD 6790,2011,1.024,256.0,840,1050.0,40,16,No,PCIe 2.0 x16,GDDR5,Barts,1613,370,2011,Desktop
AMD,Radeon HD 6850 X2,2011,2.0,256.0,800,1050.0,48,32,No,PCIe 2.0 x16,GDDR5,Barts,2534,373,2017,Unknown
AMD,Radeon HD 6970M,2011,1.024,256.0,680,900.0,48,32,No,MXM-B (3.0),GDDR5,Blackcomb,2270,656,2011,Mobile
AMD,Radeon HD 6990,2011,2.0,256.0,830,1250.0,96,32,No,PCIe 2.0 x16,GDDR5,Antilles,3013,630,2011,Desktop
AMD,Radeon HD 7690M,2011,1.024,128.0,725,900.0,24,16,No,MXM-A (3.0),DDR3,Thames,1003,576,2012,Mobile
NVIDIA,Tesla C2050,2011,3.0,384.0,574,750.0,56,48,No,PCIe 2.0 x16,GDDR5,GF100,3515,493,2010,Unknown
NVIDIA,Tesla C2070,2011,6.0,384.0,574,747.0,56,48,No,PCIe 2.0 x16,GDDR5,GF100,3101,494,2011,Workstation
NVIDIA,Tesla C2075,2011,6.0,384.0,574,783.0,56,48,No,PCIe 2.0 x16,GDDR5,GF110,3118,589,2012,Unknown
NVIDIA,Tesla M2070-Q,2011,6.0,384.0,574,783.0,56,48,No,PCIe 2.0 x16,GDDR5,GF100,1306,444,2014,Unknown
AMD,FireStream 9370,2010,4.0,256.0,825,1150.0,80,32,No,PCIe 2.0 x16,GDDR5,Cypress,2528,763,2012,Workstation
NVIDIA,GeForce 305M,2010,0.512,64.0,525,700.0,8,4,No,PCIe 2.0 x16,GDDR3,GT218,151,149,2012,Mobile
NVIDIA,GeForce 310M,2010,1.024,64.0,606,667.0,8,4,No,PCIe 2.0 x16,DDR3,GT218,111,27,2012,Mobile
NVIDIA,GeForce GT 220,2010,1.024,128.0,600,700.0,24,8,No,PCIe 2.0 x16,GDDR3,G94,211,56,2012,Desktop
NVIDIA,GeForce GT 320M,2010,1.024,128.0,500,790.0,8,8,No,PCIe 2.0 x16,DDR3,GT216,107,41,2010,Mobile
NVIDIA,GeForce GT 325M,2010,1.024,128.0,450,700.0,16,8,No,PCIe 2.0 x16,DDR3,GT216,171,52,2011,Mobile
NVIDIA,GeForce GT 330M,2010,1.024,128.0,575,800.0,16,8,No,MXM-A (3.0),GDDR3,GT216,209,57,2012,Mobile
NVIDIA,GeForce GT 335M,2010,1.024,128.0,450,800.0,24,8,No,PCIe 2.0 x16,GDDR3,GT215,400,49,2010,Mobile
NVIDIA,GeForce GT 415M,2010,0.512,128.0,500,800.0,8,4,No,PCIe 2.0 x16,DDR3,GF108,286,221,2011,Mobile
NVIDIA,GeForce GT 420M,2010,0.512,128.0,500,800.0,16,4,No,PCIe 2.0 x16,DDR3,GF108,418,83,2010,Mobile
NVIDIA,GeForce GT 425M,2010,1.024,128.0,560,800.0,16,4,No,PCIe 2.0 x16,DDR3,GF108,517,175,2010,Mobile
NVIDIA,GeForce GT 430,2010,0.512,64.0,700,800.0,16,4,No,PCIe 2.0 x16,DDR3,GF108,603,191,2012,Desktop
NVIDIA,GeForce GT 445M,2010,3.0,192.0,590,800.0,24,24,No,PCIe 2.0 x16,DDR3,GF106,881,250,2010,Mobile
NVIDIA,GeForce GTS 350M,2010,1.024,128.0,500,800.0,32,8,No,MXM-II,GDDR5,GT215,408,113,2010,Mobile
NVIDIA,GeForce GTS 360M,2010,1.024,128.0,550,900.0,32,8,No,MXM-II,GDDR5,GT215,655,71,2010,Mobile
NVIDIA,GeForce GTS 450,2010,1.024,128.0,783,902.0,32,16,No,PCIe 2.0 x16,GDDR5,GF106,1321,303,2012,Desktop
NVIDIA,GeForce GTX 285M,2010,1.024,256.0,600,1000.0,64,16,No,MXM-B (3.0),GDDR3,G92,676,246,2010,Mobile
NVIDIA,GeForce GTX 460,2010,1.024,256.0,675,900.0,56,32,No,PCIe 2.0 x16,GDDR5,GF104,2289,381,2012,Desktop
NVIDIA,GeForce GTX 460 SE,2010,1.024,256.0,650,850.0,48,32,No,PCIe 2.0 x16,GDDR5,GF104,1974,359,2012,Desktop
NVIDIA,GeForce GTX 460M,2010,1.536,192.0,675,625.0,32,24,No,PCIe 2.0 x16,GDDR5,GF106,1198,246,2012,Mobile
NVIDIA,GeForce GTX 465,2010,1.024,256.0,608,802.0,44,32,No,PCIe 2.0 x16,GDDR5,GF100,2681,454,2012,Desktop
NVIDIA,GeForce GTX 470,2010,1.28,320.0,608,837.0,56,40,No,PCIe 2.0 x16,GDDR5,GF100,3147,381,2012,Desktop
NVIDIA,GeForce GTX 470M,2010,1.536,192.0,535,750.0,48,24,No,MXM-B (3.0),GDDR5,GF104,1953,413,2010,Mobile
NVIDIA,GeForce GTX 480,2010,1.536,384.0,701,924.0,60,48,No,PCIe 2.0 x16,GDDR5,GF100,4110,447,2012,Desktop
NVIDIA,GeForce GTX 480M,2010,2.0,256.0,425,600.0,44,32,No,MXM-B (3.0),GDDR5,GF100,2051,536,2010,Mobile
NVIDIA,GeForce GTX 570,2010,1.28,320.0,732,950.0,60,40,No,PCIe 2.0 x16,GDDR5,GF110,3902,466,2012,Desktop
NVIDIA,GeForce GTX 580,2010,1.536,384.0,772,1002.0,64,48,No,PCIe 2.0 x16,GDDR5,GF110,4538,456,2012,Desktop
NVIDIA,NVS 2100M,2010,0.512,64.0,535,790.0,8,4,No,PCIe 2.0 x16,GDDR3,GT218,139,221,2010,Workstation
NVIDIA,NVS 3100M,2010,0.512,64.0,606,790.0,8,4,No,PCIe 2.0 x16,GDDR3,GT218,115,42,2011,Workstation
NVIDIA,NVS 5100M,2010,1.024,128.0,550,800.0,16,8,No,MXM-A (3.0),GDDR3,GT216,190,87,2010,Workstation
NVIDIA,Quadro 2000,2010,1.024,128.0,625,650.0,32,16,No,PCIe 2.0 x16,GDDR5,GF106,942,294,2010,Workstation
NVIDIA,Quadro 4000,2010,2.0,256.0,475,702.0,32,32,No,PCIe 2.0 x16,GDDR5,GF100,1489,366,2010,Workstation
NVIDIA,Quadro 5000M,2010,1.792,256.0,405,600.0,40,32,No,MXM-B (3.0),GDDR5,GF100,2060,426,2010,Workstation
NVIDIA,Quadro 600,2010,1.024,128.0,640,800.0,16,8,No,PCIe 2.0 x16,DDR3,GF108,546,225,2012,Workstation
NVIDIA,Quadro 6000,2010,6.0,384.0,574,747.0,56,48,No,PCIe 2.0 x16,GDDR5,GF100,2689,458,2010,Workstation
NVIDIA,Quadro FX 380M,2010,0.512,64.0,606,790.0,8,4,No,PCIe 2.0 x16,GDDR3,GT218,124,124,2010,Workstation
NVIDIA,Quadro FX 880M,2010,1.024,128.0,550,790.0,16,8,No,MXM-A (3.0),GDDR3,GT216,219,80,2010,Workstation
AMD,Radeon HD 6370M,2010,1.024,64.0,750,800.0,8,4,No,PCIe 2.0 x16,GDDR3,Robson,276,401,2010,Mobile
AMD,Radeon HD 6850,2010,1.024,256.0,775,1000.0,48,32,No,PCIe 2.0 x16,GDDR5,Barts,1979,425,2012,Desktop
AMD,Radeon HD 6870,2010,1.024,256.0,900,1050.0,56,32,No,PCIe 2.0 x16,GDDR5,Barts,2223,397,2012,Desktop
AMD,Radeon HD 6950,2010,2.0,256.0,800,1250.0,88,32,No,PCIe 2.0 x16,GDDR5,Cayman,2650,421,2012,Desktop
AMD,Radeon HD 6970,2010,2.0,256.0,880,1375.0,96,32,No,PCIe 2.0 x16,GDDR5,Cayman,2863,430,2012,Desktop
NVIDIA,GeForce 210,2009,0.512,64.0,520,400.0,8,4,No,PCIe 2.0 x16,DDR3,GT218,97,39,2009,Desktop
NVIDIA,GeForce 9800 GTX+,2009,0.512,256.0,738,1100.0,64,16,No,PCIe 2.0 x16,GDDR3,G92B,538,139,2012,Desktop
NVIDIA,GeForce G105M,2009,0.512,64.0,535,790.0,8,4,No,PCIe 2.0 x16,DDR3,GT218,108,46,2009,Unknown
NVIDIA,GeForce G210M,2009,0.512,64.0,625,800.0,8,4,No,PCIe 2.0 x16,GDDR3,GT218,122,36,2009,Mobile
NVIDIA,GeForce GT 120M,2009,1.024,128.0,500,500.0,16,8,No,PCIe 2.0 x16,DDR2,G96C,266,272,2009,Mobile
NVIDIA,GeForce GT 130M,2009,1.024,128.0,600,800.0,16,8,No,PCIe 2.0 x16,GDDR3,G96C,146,35,2009,Mobile
NVIDIA,GeForce GT 220M,2009,0.512,128.0,500,800.0,16,8,No,MXM-II,GDDR3,G96C,121,92,2009,Mobile
NVIDIA,GeForce GT 230,2009,0.512,256.0,650,900.0,24,16,No,PCIe 2.0 x16,GDDR3,G94B,322,80,2009,Unknown
NVIDIA,GeForce GT 230M,2009,1.024,128.0,500,800.0,16,8,No,PCIe 2.0 x16,GDDR3,GT216,201,47,2009,Mobile
NVIDIA,GeForce GT 240,2009,1.024,128.0,550,850.0,32,8,No,PCIe 2.0 x16,GDDR5,GT215,543,78,2012,Desktop
NVIDIA,GeForce GT 240M,2009,1.024,128.0,550,800.0,16,8,No,PCIe 2.0 x16,GDDR3,GT216,205,61,2009,Mobile
NVIDIA,GeForce GTS 150M,2009,1.024,256.0,400,800.0,32,16,No,PCIe 2.0 x16,GDDR3,G94,504,407,2014,Mobile
NVIDIA,GeForce GTS 160M,2009,1.024,256.0,600,800.0,32,16,No,PCIe 2.0 x16,GDDR3,G94,679,308,2009,Mobile
NVIDIA,GeForce GTS 250,2009,1.024,256.0,702,1000.0,64,16,No,PCIe 2.0 x16,GDDR3,G92B,618,91,2012,Desktop
NVIDIA,GeForce GTS 250M,2009,1.024,128.0,500,800.0,32,8,No,PCIe 2.0 x16,GDDR5,GT215,569,69,2009,Mobile
NVIDIA,GeForce GTX 260M,2009,1.024,256.0,550,950.0,56,16,No,PCIe 2.0 x16,GDDR3,G92,412,59,2012,Mobile
NVIDIA,GeForce GTX 275,2009,0.896,448.0,633,1134.0,80,28,No,PCIe 2.0 x16,GDDR3,GT200B,1401,106,2012,Desktop
NVIDIA,GeForce GTX 280M,2009,1.024,256.0,585,950.0,64,16,No,MXM-IV,GDDR3,G92,621,440,2009,Mobile
NVIDIA,GeForce GTX 295,2009,0.896,448.0,576,999.0,80,28,No,PCIe 2.0 x16,GDDR3,GT200B,1171,150,2009,Desktop
NVIDIA,Quadro FX 1800,2009,0.768,192.0,550,800.0,32,12,No,PCIe 2.0 x16,GDDR3,G94,405,90,2009,Workstation
NVIDIA,Quadro FX 1800M,2009,1.024,128.0,561,550.0,24,8,No,MXM-A (3.0),GDDR5,GT215,469,73,2010,Workstation
NVIDIA,Quadro FX 2800M,2009,1.024,256.0,600,1000.0,48,16,No,MXM-B (3.0),GDDR3,G92,433,80,2010,Workstation
NVIDIA,Quadro FX 380,2009,0.256,128.0,450,700.0,8,8,No,PCIe 2.0 x16,GDDR3,G96,186,151,2012,Workstation
NVIDIA,Quadro FX 380 LP,2009,0.512,64.0,550,800.0,8,4,No,PCIe 2.0 x16,GDDR3,GT218,136,128,2010,Workstation
NVIDIA,Quadro FX 3800,2009,1.024,256.0,600,800.0,64,16,No,PCIe 2.0 x16,GDDR3,GT200B,780,100,2009,Workstation
NVIDIA,Quadro FX 580,2009,0.512,128.0,450,800.0,16,8,No,PCIe 2.0 x16,GDDR3,G96C,155,58,2009,Workstation
NVIDIA,Quadro NVS 295,2009,0.256,64.0,540,695.0,4,4,No,PCIe 1.0 x16,GDDR3,G98,75,73,2009,Workstation
NVIDIA,Quadro NVS 420,2009,0.256,64.0,550,700.0,4,4,No,PCIe 2.0 x16,GDDR3,G98,70,186,2009,Unknown
AMD,FireStream 9250,2008,1.024,256.0,625,993.0,40,16,No,PCIe 2.0 x16,GDDR3,RV770,1165,465,2013,Workstation
AMD,FireStream 9270,2008,2.0,256.0,750,900.0,40,16,No,PCIe 2.0 x16,GDDR5,RV770,1341,473,2014,Workstation
NVIDIA,GeForce 8400 SE,2008,0.128,64.0,459,400.0,8,4,No,PCIe 2.0 x16,DDR2,G86,68,290,2009,Unknown
NVIDIA,GeForce 8800 GS,2008,0.384,192.0,550,800.0,48,12,No,PCIe 1.0 x16,GDDR3,G92,332,154,2009,Desktop
NVIDIA,GeForce 9200M GS,2008,0.256,64.0,550,700.0,4,4,No,PCIe 2.0 x16,GDDR3,G98,111,55,2009,Mobile
NVIDIA,GeForce 9300 GE,2008,0.256,64.0,540,400.0,4,4,No,PCIe 2.0 x16,DDR2,G98,84,54,2009,Desktop
NVIDIA,GeForce 9300 GS,2008,0.512,64.0,567,333.0,4,4,No,PCIe 2.0 x16,DDR2,G98,111,95,2009,Desktop
NVIDIA,GeForce 9300 SE,2008,0.256,64.0,540,400.0,4,4,No,PCIe 2.0 x16,DDR2,G98,82,344,2015,Unknown
NVIDIA,GeForce 9300M G,2008,0.256,64.0,400,600.0,8,4,No,PCIe 2.0 x16,GDDR3,G86,85,242,2009,Mobile
NVIDIA,GeForce 9300M GS,2008,0.256,64.0,550,700.0,4,4,No,MXM-I,GDDR3,G98,92,33,2009,Mobile
NVIDIA,GeForce 9400 GT,2008,0.512,128.0,550,400.0,8,4,No,PCIe 2.0 x16,DDR2,G96C,105,60,2010,Desktop
NVIDIA,GeForce 9500 GS,2008,0.512,128.0,550,504.0,16,8,No,PCIe 2.0 x16,DDR2,G96,157,66,2012,Unknown
NVIDIA,GeForce 9500 GT,2008,0.512,128.0,600,1000.0,16,8,No,PCIe 2.0 x16,GDDR3,G96,135,40,2009,Desktop
NVIDIA,GeForce 9500M G,2008,0.512,128.0,500,800.0,8,8,No,PCIe 2.0 x16,GDDR3,G96,122,172,2009,Mobile
NVIDIA,GeForce 9500M GS,2008,0.512,128.0,475,700.0,16,8,No,PCIe 1.0 x16,GDDR3,G84,104,74,2009,Mobile
NVIDIA,GeForce 9600 GSO,2008,0.384,192.0,550,800.0,48,12,No,PCIe 2.0 x16,GDDR3,G92,350,118,2009,Desktop
NVIDIA,GeForce 9600 GSO 512,2008,0.512,256.0,650,900.0,24,16,No,PCIe 2.0 x16,GDDR3,G94,345,111,2009,Desktop
NVIDIA,GeForce 9600 GT,2008,0.512,256.0,650,900.0,32,16,No,PCIe 2.0 x16,GDDR3,G94,505,60,2011,Desktop
NVIDIA,GeForce 9600M GS,2008,1.024,128.0,430,800.0,16,8,No,MXM-II,GDDR3,G96C,119,67,2009,Mobile
NVIDIA,GeForce 9600M GT,2008,0.512,128.0,500,800.0,16,8,No,MXM-II,GDDR3,G96C,132,39,2009,Mobile
NVIDIA,GeForce 9650M GS,2008,0.512,128.0,625,800.0,16,8,No,PCIe 2.0 x16,GDDR3,G84,270,328,2009,Mobile
NVIDIA,GeForce 9650M GT,2008,1.024,128.0,550,800.0,16,8,No,MXM-II,GDDR3,G96C,137,62,2009,Mobile
NVIDIA,GeForce 9700M GT,2008,0.512,128.0,625,800.0,16,8,No,MXM-II,GDDR3,G96,217,156,2009,Mobile
NVIDIA,GeForce 9700M GTS,2008,0.512,256.0,530,800.0,24,16,No,PCIe 2.0 x16,GDDR3,G94,326,106,2010,Mobile
NVIDIA,GeForce 9800 GT,2008,0.512,256.0,600,900.0,56,16,No,PCIe 2.0 x16,GDDR3,G92B,481,94,2012,Desktop
NVIDIA,GeForce 9800 GTX,2008,0.512,256.0,675,1100.0,64,16,No,PCIe 2.0 x16,GDDR3,G92,769,366,2009,Desktop
NVIDIA,GeForce 9800 GX2,2008,0.512,256.0,600,1000.0,64,16,No,PCIe 2.0 x16,GDDR3,G92,798,518,2009,Desktop
NVIDIA,GeForce 9800M GS,2008,0.512,256.0,530,800.0,32,16,No,PCIe 2.0 x16,GDDR3,G94,460,109,2012,Mobile
NVIDIA,GeForce 9800M GT,2008,0.512,256.0,500,800.0,48,16,No,PCIe 2.0 x16,GDDR3,G92,424,130,2009,Mobile
NVIDIA,GeForce 9800M GTS,2008,1.024,256.0,600,800.0,32,16,No,PCIe 2.0 x16,GDDR3,G94,379,135,2009,Mobile
NVIDIA,GeForce 9800M GTX,2008,1.024,256.0,500,800.0,56,16,No,PCIe 2.0 x16,GDDR3,G92,462,117,2009,Mobile
NVIDIA,GeForce GTX 260,2008,0.896,448.0,576,999.0,64,28,No,PCIe 2.0 x16,GDDR3,GT200,1221,88,2012,Desktop
NVIDIA,GeForce GTX 280,2008,1.024,512.0,602,1107.0,80,32,No,PCIe 2.0 x16,GDDR3,GT200,1181,121,2012,Desktop
NVIDIA,GeForce GTX 285,2008,1.024,512.0,648,1242.0,80,32,No,PCIe 2.0 x16,GDDR3,GT200B,1550,117,2009,Desktop
NVIDIA,Quadro CX,2008,1.536,384.0,602,800.0,64,24,No,PCIe 2.0 x16,GDDR3,GT200B,947,454,2009,Unknown
NVIDIA,Quadro FX 1700M,2008,0.512,128.0,625,800.0,16,8,No,MXM-II,GDDR3,G96,173,135,2009,Workstation
NVIDIA,Quadro FX 2700M,2008,0.512,256.0,530,799.0,24,16,No,MXM-HE,GDDR3,G94,358,74,2009,Workstation
NVIDIA,Quadro FX 3600M,2008,0.512,256.0,500,800.0,48,16,No,MXM-HE,GDDR3,G92,467,365,2009,Workstation
NVIDIA,Quadro FX 370 LP,2008,0.256,64.0,540,500.0,4,4,No,PCIe 1.0 x16,DDR2,G98,108,481,2012,Workstation
NVIDIA,Quadro FX 3700,2008,0.512,256.0,500,800.0,56,16,No,PCIe 2.0 x16,GDDR3,G92,384,158,2010,Workstation
NVIDIA,Quadro FX 3700M,2008,1.024,256.0,550,800.0,64,16,No,MXM-HE,GDDR3,G92,467,117,2009,Workstation
NVIDIA,Quadro FX 370M,2008,0.256,64.0,550,600.0,4,4,No,MXM-II,GDDR3,G98,93,334,2009,Workstation
NVIDIA,Quadro FX 3800M,2008,1.024,256.0,675,1000.0,64,16,No,MXM-B (3.0),GDDR3,G92,628,68,2009,Workstation
NVIDIA,Quadro FX 4700 X2,2008,1.024,256.0,600,800.0,64,16,No,PCIe 2.0 x16,GDDR3,G92,676,509,2014,Unknown
NVIDIA,Quadro FX 4800,2008,1.536,384.0,602,800.0,64,24,No,PCIe 2.0 x16,GDDR3,GT200B,979,106,2012,Workstation
NVIDIA,Quadro FX 5800,2008,4.0,512.0,610,800.0,80,32,No,PCIe 2.0 x16,GDDR3,GT200B,1248,134,2009,Workstation
NVIDIA,Quadro FX 770M,2008,0.512,128.0,500,800.0,16,8,No,MXM-II,GDDR3,G96,198,92,2009,Workstation
NVIDIA,Quadro NVS 150M,2008,0.256,64.0,530,700.0,4,4,No,MXM-I,GDDR3,G98,93,327,2009,Workstation
NVIDIA,Quadro NVS 160M,2008,0.256,64.0,580,700.0,4,4,No,MXM-I,GDDR3,G98,76,46,2009,Workstation
NVIDIA,Quadro NVS 450,2008,0.256,64.0,480,700.0,4,4,No,PCIe 1.0 x16,GDDR3,G98,64,154,2009,Unknown
AMD,FireStream 9170,2007,2.0,256.0,800,800.0,16,16,No,PCIe 2.0 x16,GDDR3,RV670,647,493,2015,Unknown
NVIDIA,GeForce 8300 GS,2007,0.128,64.0,459,400.0,8,4,No,PCIe 2.0 x16,DDR2,G86,67,314,2009,Desktop
NVIDIA,GeForce 8400,2007,0.256,64.0,540,500.0,8,4,No,PCIe 2.0 x16,DDR2,G98,81,160,2009,Unknown
NVIDIA,GeForce 8400 GS,2007,0.256,64.0,459,400.0,8,4,No,PCIe 1.0 x16,DDR2,G86,128,32,2012,Desktop
NVIDIA,GeForce 8400M G,2007,0.256,64.0,400,400.0,8,4,No,PCIe 1.0 x16,GDDR3,G86,59,241,2009,Mobile
NVIDIA,GeForce 8400M GS,2007,0.256,64.0,400,400.0,8,4,No,MXM-I,DDR2,G86,98,47,2009,Mobile
NVIDIA,GeForce 8400M GT,2007,0.512,128.0,450,600.0,8,4,No,PCIe 1.0 x16,GDDR3,G86,64,68,2009,Mobile
NVIDIA,GeForce 8500 GT,2007,0.256,128.0,459,400.0,8,4,No,PCIe 1.0 x16,GDDR3,G86,115,39,2009,Desktop
NVIDIA,GeForce 8600 GS,2007,0.512,128.0,540,400.0,8,8,No,PCIe 1.0 x16,DDR2,G84,92,100,2009,Desktop
NVIDIA,GeForce 8600 GT,2007,0.512,128.0,540,700.0,16,8,No,PCIe 1.0 x16,GDDR3,G84,117,63,2012,Desktop
NVIDIA,GeForce 8600 GTS,2007,0.256,128.0,675,1000.0,16,8,No,PCIe 1.0 x16,GDDR3,G84,161,35,2012,Desktop
NVIDIA,GeForce 8600M GS,2007,0.512,128.0,450,400.0,8,4,No,MXM-II,DDR2,G86,73,57,2009,Mobile
NVIDIA,GeForce 8600M GT,2007,0.512,128.0,475,400.0,16,8,No,MXM-II,DDR2,G84,89,42,2011,Mobile
NVIDIA,GeForce 8700M GT,2007,0.512,128.0,625,800.0,16,8,No,MXM-HE,GDDR3,G84,124,97,2009,Mobile
NVIDIA,GeForce 8800 GT,2007,0.512,256.0,600,900.0,56,16,No,PCIe 2.0 x16,GDDR3,G92,519,85,2009,Desktop
NVIDIA,GeForce 8800 GTS 512,2007,0.512,256.0,650,820.0,64,16,No,PCIe 2.0 x16,GDDR3,G92,591,109,2012,Desktop
NVIDIA,GeForce 8800 Ultra,2007,0.768,384.0,612,1080.0,32,24,No,PCIe 1.0 x16,GDDR3,G80,639,372,2009,Desktop
NVIDIA,GeForce 8800M GTS,2007,0.512,256.0,500,800.0,32,16,No,MXM-HE,GDDR3,G92,382,159,2012,Mobile
NVIDIA,GeForce 8800M GTX,2007,0.512,256.0,500,800.0,48,16,No,MXM-HE,GDDR3,G92,462,175,2009,Mobile
NVIDIA,Quadro FX 1600M,2007,0.512,128.0,625,800.0,16,8,No,MXM-HE,GDDR3,G84,186,211,2009,Workstation
NVIDIA,Quadro FX 1700,2007,0.512,256.0,460,400.0,16,8,No,PCIe 1.0 x16,DDR2,G84,118,44,2009,Workstation
NVIDIA,Quadro FX 3500M,2007,0.512,256.0,575,600.0,24,16,No,MXM-III,GDDR3,G71,306,309,2009,Workstation
NVIDIA,Quadro FX 360M,2007,0.256,64.0,400,600.0,8,4,No,PCIe 1.0 x16,DDR2,G86,87,308,2009,Workstation
NVIDIA,Quadro FX 370,2007,0.256,64.0,360,500.0,8,4,No,PCIe 1.0 x16,DDR2,G84,84,385,2009,Workstation
NVIDIA,Quadro FX 4600,2007,0.768,384.0,500,700.0,24,24,No,PCIe 1.0 x16,GDDR3,G80,437,202,2009,Workstation
NVIDIA,Quadro FX 5600,2007,1.536,384.0,600,800.0,32,24,No,PCIe 1.0 x16,GDDR3,G80,562,168,2009,Unknown
NVIDIA,Quadro FX 570,2007,0.256,128.0,460,400.0,8,8,No,PCIe 1.0 x16,DDR2,G84,156,140,2009,Workstation
NVIDIA,Quadro FX 570M,2007,0.512,128.0,475,700.0,16,8,No,PCIe 1.0 x16,GDDR3,G84,111,49,2009,Workstation
NVIDIA,Quadro NVS 130M,2007,0.256,64.0,400,700.0,8,4,No,PCIe 2.0 x16,DDR2,G86,97,190,2009,Workstation
NVIDIA,Quadro NVS 135M,2007,0.256,64.0,400,594.0,8,4,No,PCIe 2.0 x16,GDDR3,G86,67,74,2010,Workstation
NVIDIA,Quadro NVS 140M,2007,0.512,64.0,400,600.0,8,4,No,PCIe 2.0 x16,GDDR3,G86,49,99,2009,Workstation
NVIDIA,Quadro NVS 290,2007,0.256,64.0,459,400.0,8,4,No,PCIe 1.0 x16,DDR2,G86,205,59,2009,Unknown
NVIDIA,Quadro NVS 320M,2007,0.512,128.0,575,700.0,16,8,No,MXM-HE,GDDR3,G84,128,109,2009,Workstation
NVIDIA,GeForce 7100 GS,2006,0.128,64.0,350,266.0,4,2,No,PCIe 1.0 x16,DDR2,NV44B,52,133,2009,Desktop
NVIDIA,GeForce 7200 GS,2006,0.128,64.0,450,334.0,4,2,No,PCIe 1.0 x16,DDR2,G72,23,98,2009,Desktop
NVIDIA,GeForce 7300 GS,2006,0.256,64.0,450,266.0,4,2,No,PCIe 1.0 x16,DDR2,G72,82,57,2009,Desktop
NVIDIA,GeForce 7300 GT,2006,0.128,128.0,350,325.0,8,8,No,PCIe 1.0 x16,DDR2,G73,135,39,2009,Desktop
NVIDIA,GeForce 7300 LE,2006,0.128,64.0,450,324.0,4,2,No,PCIe 1.0 x16,DDR2,G72,78,85,2012,Desktop
NVIDIA,GeForce 7300 SE,2006,0.256,64.0,450,266.0,4,2,No,PCIe 1.0 x16,DDR2,G72,39,251,2009,Desktop
NVIDIA,GeForce 7350 LE,2006,0.128,64.0,450,400.0,4,2,No,PCIe 1.0 x16,DDR2,G72,74,281,2009,Unknown
NVIDIA,GeForce 7500 LE,2006,0.064,64.0,475,405.0,8,4,No,PCIe 1.0 x16,DDR2,G72,87,82,2012,Desktop
NVIDIA,GeForce 7600 GS,2006,0.256,128.0,400,400.0,12,8,No,PCIe 1.0 x16,DDR2,G73,158,55,2012,Desktop
NVIDIA,GeForce 7600 GT,2006,0.256,128.0,560,700.0,12,8,No,PCIe 1.0 x16,GDDR3,G73,204,101,2009,Desktop
NVIDIA,GeForce 7650 GS,2006,0.256,128.0,450,400.0,12,8,No,PCIe 1.0 x16,DDR2,G73,134,335,2009,Unknown
NVIDIA,GeForce 7900 GS,2006,0.256,256.0,450,660.0,20,16,No,PCIe 1.0 x16,GDDR3,G71,254,68,2009,Desktop
NVIDIA,GeForce 7900 GT,2006,0.256,256.0,450,660.0,24,16,No,PCIe 1.0 x16,GDDR3,G71,258,160,2009,Desktop
NVIDIA,GeForce 7900 GTX,2006,0.512,256.0,650,800.0,24,16,No,PCIe 1.0 x16,GDDR3,G71,388,165,2009,Desktop
NVIDIA,GeForce 7950 GT,2006,0.512,256.0,550,700.0,24,16,No,PCIe 1.0 x16,GDDR3,G71,344,189,2011,Desktop
NVIDIA,GeForce 7950 GX2,2006,0.512,256.0,500,600.0,24,16,No,PCIe 1.0 x16,GDDR3,G71,202,413,2009,Desktop
NVIDIA,GeForce 8800 GTX,2006,0.768,384.0,576,900.0,32,24,No,PCIe 1.0 x16,GDDR3,G80,597,105,2012,Desktop
NVIDIA,GeForce Go 6200,2006,0.032,64.0,300,300.0,4,2,No,PCIe 1.0 x16,DDR,NV44,15,204,2009,Mobile
NVIDIA,GeForce Go 6400,2006,0.032,64.0,400,350.0,4,2,No,PCIe 1.0 x16,DDR,NV44,24,212,2009,Mobile
NVIDIA,GeForce Go 7200,2006,0.064,32.0,450,350.0,4,1,No,PCIe 1.0 x16,GDDR3,G72,45,199,2012,Mobile
NVIDIA,GeForce Go 7300,2006,0.064,64.0,350,350.0,4,2,No,PCIe 1.0 x16,GDDR3,G72,52,114,2012,Mobile
NVIDIA,GeForce Go 7400,2006,0.128,32.0,450,450.0,4,2,No,PCIe 1.0 x16,GDDR3,G72,66,112,2009,Mobile
NVIDIA,GeForce Go 7600,2006,0.256,128.0,450,350.0,8,8,No,PCIe 1.0 x16,GDDR3,G73,128,220,2009,Mobile
NVIDIA,GeForce Go 7600 GT,2006,0.256,128.0,500,600.0,12,8,No,PCIe 1.0 x16,GDDR3,G73,210,125,2009,Mobile
NVIDIA,GeForce Go 7700,2006,0.512,128.0,450,500.0,12,8,No,PCIe 1.0 x16,GDDR3,G73,148,232,2009,Mobile
NVIDIA,GeForce Go 7800,2006,0.256,256.0,400,550.0,16,16,No,PCIe 1.0 x16,GDDR3,G70,115,209,2009,Mobile
NVIDIA,GeForce Go 7900 GS,2006,0.512,256.0,375,500.0,20,16,No,MXM-II,GDDR3,G71,176,254,2009,Mobile
NVIDIA,GeForce Go 7900 GTX,2006,0.512,256.0,500,600.0,24,16,No,PCIe 1.0 x16,GDDR3,G71,270,264,2009,Mobile
NVIDIA,GeForce Go 7950 GTX,2006,0.512,256.0,575,700.0,24,16,No,MXM-III,GDDR3,G71,264,283,2009,Mobile
NVIDIA,Quadro FX 1500,2006,0.256,256.0,325,625.0,16,16,No,PCIe 1.0 x16,GDDR3,G71,190,105,2009,Workstation
NVIDIA,Quadro FX 1500M,2006,0.512,256.0,375,500.0,20,16,No,MXM-II,GDDR3,G71,171,275,2009,Workstation
NVIDIA,Quadro FX 350,2006,0.128,64.0,550,405.0,4,2,No,PCIe 1.0 x16,DDR2,G72,86,378,2009,Workstation
NVIDIA,Quadro FX 3500,2006,0.256,256.0,450,660.0,20,16,No,PCIe 1.0 x16,GDDR3,G71,292,106,2009,Workstation
NVIDIA,Quadro FX 350M,2006,0.256,128.0,450,450.0,4,2,No,PCIe 1.0 x16,GDDR3,G72,45,132,2009,Workstation
NVIDIA,Quadro FX 4500 X2,2006,0.512,256.0,500,605.0,24,16,No,PCIe 1.0 x16,GDDR3,G71,236,653,2010,Unknown
NVIDIA,Quadro FX 550,2006,0.128,128.0,360,400.0,8,8,No,PCIe 1.0 x16,GDDR3,NV43,64,325,2009,Workstation
NVIDIA,Quadro FX 5500,2006,1.024,256.0,650,505.0,24,16,No,PCIe 1.0 x16,DDR2,G71,242,394,2009,Workstation
NVIDIA,Quadro FX 560,2006,0.128,128.0,350,600.0,12,8,No,PCIe 1.0 x16,GDDR3,G73,114,360,2009,Workstation
NVIDIA,Quadro NVS 110M,2006,0.512,64.0,300,300.0,4,2,No,PCIe 1.0 x16,DDR,G72,48,236,2009,Workstation
NVIDIA,Quadro NVS 120M,2006,0.512,64.0,450,700.0,4,2,No,MXM-III,DDR2,G72,47,274,2009,Workstation
NVIDIA,Quadro NVS 285,2006,0.128,64.0,275,300.0,4,2,No,PCIe 1.0 x16,DDR2,NV44,39,185,2012,Unknown
NVIDIA,Quadro NVS 440,2006,0.128,128.0,250,250.0,8,8,No,PCIe 1.0 x16,GDDR3,NV43,38,358,2009,Unknown
NVIDIA,Quadro NVS 510M,2006,0.256,128.0,450,600.0,24,16,No,PCIe 1.0 x16,GDDR3,G71,254,317,2010,Workstation
NVIDIA,GeForce 6200 LE,2005,0.128,64.0,350,266.0,2,2,No,PCIe 1.0 x16,DDR,NV44,31,89,2012,Desktop
NVIDIA,GeForce 6500,2005,0.128,128.0,400,266.0,4,2,No,PCIe 1.0 x16,DDR2,NV44,38,300,2009,Desktop
NVIDIA,GeForce 6600 LE,2005,0.128,128.0,300,250.0,4,4,No,PCIe 1.0 x16,DDR,NV43,51,234,2009,Desktop
NVIDIA,GeForce 6800 GS,2005,0.256,256.0,425,500.0,12,12,No,PCIe 1.0 x16,GDDR3,NV41,195,121,2009,Desktop
NVIDIA,GeForce 6800 LE,2005,0.256,256.0,325,300.0,8,8,No,PCIe 1.0 x16,DDR,NV41,110,166,2009,Desktop
NVIDIA,GeForce 6800 XE,2005,0.256,128.0,275,266.0,8,8,No,AGP 8x,DDR2,NV40,59,166,2009,Unknown
NVIDIA,GeForce 6800 XT,2005,0.256,128.0,300,266.0,8,8,No,AGP 8x,DDR,NV48,128,150,2009,Desktop
NVIDIA,GeForce 7800 GT,2005,0.256,256.0,400,500.0,20,16,No,PCIe 1.0 x16,GDDR3,G70,244,273,2009,Desktop
NVIDIA,GeForce 7800 GTX,2005,0.256,256.0,430,600.0,24,16,No,PCIe 1.0 x16,GDDR3,G70,291,196,2009,Desktop
NVIDIA,GeForce FX Go5700,2005,0.128,128.0,450,275.0,4,4,No,AGP 8x,DDR,NV36,51,171,2009,Unknown
NVIDIA,GeForce Go 6600,2005,0.256,128.0,300,350.0,8,4,No,MXM-II,DDR,NV43,69,209,2009,Mobile
NVIDIA,GeForce Go 6800 Ultra,2005,0.256,256.0,450,600.0,12,12,No,PCIe 1.0 x16,GDDR3,NV41,138,198,2009,Mobile
NVIDIA,GeForce Go 7800 GTX,2005,0.512,256.0,440,550.0,24,16,No,PCIe 1.0 x16,GDDR3,G70,210,239,2009,Mobile
NVIDIA,Quadro FX 2500M,2005,0.512,256.0,500,600.0,24,16,No,MXM-III,GDDR3,G71,218,272,2009,Workstation
NVIDIA,Quadro FX 3450,2005,0.256,256.0,425,500.0,12,12,No,PCIe 1.0 x16,GDDR3,NV41,149,235,2009,Workstation
NVIDIA,Quadro FX 4500,2005,0.512,256.0,430,525.0,24,16,No,PCIe 1.0 x16,GDDR3,G70,226,143,2009,Workstation
NVIDIA,Quadro FX Go1400,2005,0.256,256.0,275,295.0,8,8,No,MXM-III,DDR,NV41,102,223,2009,Unknown
NVIDIA,Quadro NVS 280 SD,2005,0.064,64.0,250,200.0,4,2,No,AGP 8x,DDR,NV18C,2,119,2009,Unknown
NVIDIA,GeForce 6200,2004,0.128,128.0,300,275.0,2,4,No,PCIe 1.0 x16,DDR,NV43,35,58,2009,Desktop
NVIDIA,GeForce 6200 TurboCache,2004,0.064,64.0,350,250.0,4,2,No,AGP 4x,DDR,NV44B,46,78,2009,Unknown
NVIDIA,GeForce 6600,2004,0.256,128.0,300,250.0,8,4,No,PCIe 1.0 x16,DDR,NV43,88,69,2009,Desktop
NVIDIA,GeForce 6600 GT,2004,0.128,128.0,500,500.0,8,4,No,PCIe 1.0 x16,GDDR3,NV43,137,67,2010,Desktop
NVIDIA,GeForce 6610 XL,2004,0.128,128.0,400,400.0,8,4,No,PCIe 1.0 x16,GDDR3,NV43,89,288,2009,Unknown
NVIDIA,GeForce 6700 XL,2004,0.128,128.0,525,550.0,8,4,No,PCIe 1.0 x16,GDDR3,NV43,95,243,2009,Unknown
NVIDIA,GeForce 6800,2004,0.256,256.0,325,300.0,12,12,No,PCIe 1.0 x16,DDR,NV41,113,258,2009,Desktop
NVIDIA,GeForce 6800 GT,2004,0.256,256.0,350,500.0,16,16,No,PCIe 1.0 x16,GDDR3,NV45,142,212,2009,Desktop
NVIDIA,GeForce 6800 Ultra,2004,0.256,256.0,425,550.0,16,16,No,PCIe 1.0 x16,GDDR3,NV45,139,153,2009,Desktop
NVIDIA,GeForce FX 5500,2004,0.064,128.0,270,166.0,4,4,No,AGP 8x,DDR,NV34B,8,152,2009,Desktop
NVIDIA,GeForce Go 6800,2004,0.256,256.0,300,550.0,12,12,No,MXM-III,GDDR3,NV41,106,205,2009,Mobile
NVIDIA,GeForce PCX 5300,2004,0.128,128.0,250,200.0,4,4,No,PCIe 1.0 x16,DDR,NV37,6,197,2009,Desktop
NVIDIA,GeForce PCX 5750,2004,0.128,128.0,425,275.0,4,4,No,PCIe 1.0 x16,DDR,NV39,35,310,2010,Desktop
NVIDIA,Quadro FX 1100,2004,0.128,128.0,425,325.0,4,4,No,AGP 8x,DDR2,NV36,36,178,2009,Workstation
NVIDIA,Quadro FX 1300,2004,0.128,256.0,350,275.0,8,4,No,PCIe 1.0 x16,DDR,NV38,34,276,2009,Workstation
NVIDIA,Quadro FX 1400,2004,0.128,256.0,350,300.0,12,8,No,PCIe 1.0 x16,DDR,NV41,124,152,2011,Workstation
NVIDIA,Quadro FX 4000,2004,0.256,256.0,375,500.0,16,16,No,AGP 8x,GDDR3,NV40,101,78,2009,Workstation
NVIDIA,Quadro FX 540,2004,0.128,128.0,300,250.0,8,8,No,PCIe 1.0 x16,GDDR3,NV43,81,294,2009,Workstation
NVIDIA,GeForce FX 5100,2003,0.064,64.0,200,166.0,4,4,No,AGP 8x,DDR,NV34,8,247,2009,Unknown
NVIDIA,GeForce FX 5200,2003,0.128,128.0,250,200.0,4,4,No,AGP 8x,DDR,NV34,8,154,2010,Desktop
NVIDIA,GeForce FX 5200 Ultra,2003,0.128,128.0,325,325.0,4,4,No,AGP 8x,DDR,NV34,12,138,2009,Desktop
NVIDIA,GeForce FX 5600,2003,0.128,128.0,325,250.0,4,4,No,AGP 8x,DDR,NV31,13,168,2009,Desktop
NVIDIA,GeForce FX 5600 Ultra,2003,0.128,128.0,400,400.0,4,4,No,AGP 8x,DDR,NV31,17,122,2009,Desktop
NVIDIA,GeForce FX 5700,2003,0.128,256.0,425,250.0,4,4,No,AGP 8x,DDR,NV36,41,173,2009,Desktop
NVIDIA,GeForce FX 5700 Ultra,2003,0.128,128.0,475,453.0,4,4,No,AGP 8x,GDDR2,NV36,34,126,2009,Desktop
NVIDIA,GeForce FX 5900,2003,0.128,256.0,400,425.0,8,4,No,AGP 8x,DDR,NV35,35,188,2009,Desktop
NVIDIA,GeForce FX 5900 Ultra,2003,0.256,256.0,450,425.0,8,4,No,AGP 8x,DDR,NV35,41,170,2009,Desktop
NVIDIA,GeForce FX 5950 Ultra,2003,0.256,256.0,475,475.0,8,4,No,AGP 8x,DDR,NV38,59,274,2009,Desktop
NVIDIA,GeForce FX Go5300,2003,0.064,128.0,275,250.0,4,4,No,AGP 8x,DDR,NV34,13,159,2009,Unknown
NVIDIA,GeForce FX Go5650,2003,0.128,128.0,325,295.0,4,4,No,AGP 8x,DDR,NV31,17,211,2009,Unknown
NVIDIA,GeForce PCX 5900,2003,0.128,256.0,350,275.0,8,4,No,PCIe 1.0 x16,DDR,NV35,34,258,2009,Desktop
NVIDIA,GeForce4 MX 4000,2003,0.128,64.0,250,166.0,4,2,No,AGP 8x,DDR,NV18,5,131,2009,Unknown
NVIDIA,GeForce4 Ti 4800,2003,0.128,128.0,300,325.0,8,4,No,AGP 8x,DDR,NV28,6,190,2009,Unknown
NVIDIA,GeForce4 Ti 4800 SE,2003,0.128,128.0,275,275.0,8,4,No,AGP 8x,SDR,NV28,7,187,2009,Unknown
NVIDIA,Quadro FX 1000,2003,0.128,128.0,300,300.0,8,4,No,AGP 8x,DDR2,NV30,34,266,2009,Workstation
NVIDIA,Quadro FX 2000,2003,0.128,128.0,400,400.0,8,4,No,AGP 8x,DDR2,NV30,18,146,2009,Workstation
NVIDIA,Quadro FX 3000,2003,0.256,256.0,400,425.0,8,4,No,AGP 8x,DDR,NV35,69,178,2009,Workstation
NVIDIA,Quadro NVS 280 PCI,2003,0.064,64.0,275,250.0,4,4,No,PCI,DDR,NV34B,8,261,2009,Unknown
NVIDIA,GeForce4 420 Go,2002,0.032,64.0,200,200.0,4,2,No,AGP 4x,DDR,NV17,3,147,2009,Mobile
NVIDIA,GeForce4 440 Go,2002,0.064,128.0,220,220.0,4,2,No,AGP 4x,DDR,NV17,4,140,2009,Mobile
NVIDIA,GeForce4 448 Go,2002,0.064,128.0,200,200.0,4,2,No,AGP 8x,DDR,NV18,6,199,2009,Unknown
NVIDIA,GeForce4 MX 420,2002,0.064,128.0,250,166.0,4,2,No,AGP 4x,SDR,NV17,5,168,2009,Desktop
NVIDIA,GeForce4 MX 440,2002,0.064,128.0,275,200.0,4,2,No,AGP 4x,DDR,NV17,5,140,2009,Desktop
NVIDIA,GeForce4 MX 460,2002,0.064,128.0,300,225.0,4,2,No,AGP 4x,DDR,NV17,4,176,2009,Desktop
NVIDIA,GeForce4 Ti 4200,2002,0.064,64.0,250,250.0,8,4,No,AGP 4x,DDR,NV25,6,154,2009,Unknown
NVIDIA,GeForce4 Ti 4400,2002,0.128,128.0,275,275.0,8,4,No,AGP 4x,DDR,NV25,7,170,2009,Unknown
NVIDIA,GeForce4 Ti 4600,2002,0.128,128.0,300,324.0,8,4,No,AGP 4x,DDR,NV25,6,173,2009,Desktop
NVIDIA,Quadro4 380 XGL,2002,0.128,128.0,275,256.0,4,4,No,AGP 8x,DDR,NV18,7,225,2009,Unknown
NVIDIA,Quadro4 900 XGL,2002,0.128,128.0,300,325.0,8,8,No,AGP 4x,DDR,NV25,5,194,2009,Unknown
NVIDIA,Quadro4 980 XGL,2002,0.128,128.0,300,325.0,8,4,No,AGP 8x,DDR,NV28,5,181,2009,Unknown
NVIDIA,GeForce2 Ti,2001,0.064,128.0,250,200.0,8,4,No,AGP 4x,DDR,NV15,5,149,2009,Desktop
NVIDIA,GeForce3,2001,0.064,128.0,200,230.0,8,4,No,AGP 4x,DDR,NV20,5,120,2009,Desktop
NVIDIA,Quadro2 Pro,2001,0.064,128.0,200,250.0,8,4,No,AGP 4x,DDR,NV15,1,143,2009,Workstation
NVIDIA,GeForce2 Go,2000,0.064,64.0,143,166.0,4,2,No,AGP 4x,DDR,NV11B,4,95,2009,Mobile
NVIDIA,GeForce2 MX,2000,0.032,128.0,175,166.0,4,2,No,AGP 4x,SDR,NV11,3,143,2011,Desktop
NVIDIA,GeForce2 Ultra,2000,0.064,128.0,250,230.0,8,4,No,AGP 4x,DDR,NV15,6,147,2009,Desktop
